{
    "duration": 291.316125,
    "tempo": 144.23076923076923,
    "time_signature": "2/4",
    "key": "B minor",
    "spectral_centroid": 2169.5203383131447,
    "spectral_bandwidth": 2735.176905438879,
    "spectral_rolloff": 4481.683017080404,
    "rms": 0.14321383833885193,
    "zero_crossing_rate": 0.04973716266544925,
    "mfcc": [
        -206.8690948486328,
        112.50601196289062,
        -7.718825340270996,
        25.927051544189453,
        11.673476219177246,
        9.631341934204102,
        -4.715909957885742,
        3.021817684173584,
        7.647045612335205,
        10.11133861541748,
        4.302804946899414,
        5.411633491516113,
        6.254724979400635
    ],
    "chroma": [
        0.572989284992218,
        0.6225342154502869,
        0.5541480779647827,
        0.5938016772270203,
        0.4903467297554016,
        0.4116058349609375,
        0.40706151723861694,
        0.460284024477005,
        0.5374889373779297,
        0.5081947445869446,
        0.528782069683075,
        0.5506224632263184
    ],
    "spectral_contrast": [
        19.012487283873547,
        15.124690962631208,
        17.45134782958515,
        21.315617019285103,
        19.837923886924784,
        20.618058014714542,
        22.481091965373693
    ],
    "tonnetz": [
        -0.14917833470286948,
        -0.1551153869358817,
        -0.09205224704331788,
        0.12271363959050904,
        0.005427588844393026,
        -0.05020782912238079
    ],
    "chord_progression": [
        "C#m",
        "Am",
        "F#m",
        "Am",
        "G#m",
        "F#m",
        "G#m",
        "E",
        "G#",
        "Fm",
        "G#",
        "C#m",
        "C#",
        "C#m",
        "Gm",
        "C#m",
        "G#",
        "A#",
        "Fm",
        "G#m",
        "C#m",
        "G#m",
        "Fm",
        "A#",
        "C#m",
        "Gm",
        "C#m",
        "G#m",
        "C#m",
        "G#m",
        "C#",
        "G#",
        "E",
        "C#m",
        "G#m",
        "C",
        "E",
        "G#m",
        "F#m",
        "C#m",
        "Em",
        "A",
        "G#m",
        "F#m",
        "C#",
        "G#m",
        "Fm",
        "G#",
        "E",
        "C#m",
        "Am",
        "Gm",
        "C#m",
        "C#",
        "G#m",
        "C#",
        "D#",
        "G#m",
        "C#",
        "G#m",
        "C#",
        "G#",
        "E",
        "G#m",
        "G#",
        "G#m",
        "Cm",
        "C#m",
        "A",
        "G#m",
        "D#",
        "Gm",
        "Fm",
        "C#",
        "A",
        "C#m",
        "Fm",
        "Am",
        "C#m",
        "Em",
        "C#",
        "C#m",
        "Gm",
        "C#m",
        "Gm",
        "C#",
        "C#m",
        "D#",
        "G#m",
        "C#",
        "E",
        "G#m",
        "C#m",
        "C#",
        "G#",
        "C#",
        "G#m",
        "F#m",
        "C#m",
        "A",
        "Em",
        "A",
        "G#m",
        "F#m",
        "C#",
        "C#m",
        "A#",
        "Gm",
        "G#",
        "E",
        "C#m",
        "Am",
        "Gm",
        "Am",
        "C#m",
        "C#",
        "C#m",
        "G#m",
        "F#m",
        "G#m",
        "C#",
        "C#m",
        "G#m",
        "G#",
        "E",
        "G#m",
        "C#",
        "E",
        "G#m",
        "C#",
        "A",
        "G#m",
        "A#m",
        "C#m",
        "G#m",
        "C#m",
        "C#",
        "C#m",
        "Cm",
        "Am",
        "Gm",
        "C#m",
        "G#",
        "D#",
        "C#m",
        "Cm",
        "G#",
        "E",
        "F#m",
        "G#m",
        "F#m",
        "G#m",
        "G#",
        "Fm",
        "A#",
        "G#",
        "Am",
        "C#m",
        "Gm",
        "A#",
        "G#",
        "A#",
        "C#m",
        "G#m",
        "C#m",
        "G#m",
        "G#",
        "Fm",
        "G#",
        "C#m",
        "Gm",
        "C#m",
        "Gm",
        "Fm",
        "G#",
        "Fm",
        "G#",
        "Cm",
        "E",
        "G#m",
        "F#m",
        "G#m",
        "F#m",
        "G#m",
        "Fm",
        "G#",
        "Fm",
        "G#",
        "Gm",
        "C#m",
        "Gm",
        "A#",
        "G#",
        "A#",
        "Fm",
        "G#",
        "C#m",
        "G#m",
        "F#m",
        "G#m",
        "C#",
        "G",
        "D#",
        "Gm",
        "F",
        "D#m",
        "Cm",
        "G#m",
        "E",
        "C#m",
        "E",
        "C#m",
        "Cm",
        "C#m",
        "E",
        "C#m",
        "G#m",
        "C#m",
        "C#",
        "Am",
        "Gm",
        "G#",
        "E",
        "G#m",
        "F#m",
        "G#m",
        "E",
        "A",
        "G#m",
        "C#",
        "C#m",
        "C#",
        "G#",
        "E",
        "C#m",
        "Am",
        "C#m",
        "C#",
        "G#m",
        "F#m",
        "D#",
        "G#m",
        "C#m",
        "G#m",
        "C#m",
        "C#",
        "C#m",
        "C#",
        "E",
        "C#",
        "G#",
        "E",
        "G#m",
        "C#m",
        "A",
        "C#m",
        "G#m",
        "Fm",
        "C#m",
        "A",
        "Em",
        "Cm",
        "C#",
        "Am",
        "Gm",
        "C#m",
        "Gm",
        "G#m",
        "F#m",
        "C#m",
        "C#",
        "G#m",
        "C#",
        "G#",
        "E",
        "G#m",
        "C#",
        "G#",
        "E",
        "G#m",
        "F#m",
        "G#m",
        "Em",
        "D",
        "A",
        "G#m",
        "C#m",
        "E",
        "G#m",
        "C#m",
        "G#m",
        "G#",
        "E",
        "C#m",
        "Am",
        "Gm",
        "Am",
        "Gm",
        "C#m",
        "Gm",
        "C#",
        "G#m",
        "F#m",
        "G#m",
        "D#",
        "F#m",
        "G#m",
        "E",
        "G#m",
        "E",
        "G#",
        "E",
        "C#",
        "G#m",
        "A#m",
        "G#",
        "C#",
        "G#m",
        "A",
        "G#m",
        "C#m",
        "G#m",
        "E",
        "Cm",
        "C#m",
        "Am",
        "C#",
        "C#m",
        "A",
        "C#m",
        "Gm",
        "G#",
        "E",
        "G#m",
        "C#m",
        "Fm",
        "Gm",
        "G#",
        "Fm",
        "G#",
        "A",
        "Am",
        "C#m",
        "Gm",
        "A#",
        "G#",
        "A#",
        "G#",
        "C#m",
        "G#m",
        "G#",
        "A#",
        "G#",
        "Gm",
        "C#m",
        "Am",
        "C#m",
        "Gm",
        "G",
        "Em",
        "C#",
        "Am",
        "C#",
        "C#m",
        "Am",
        "G#",
        "A#",
        "Cm",
        "A#",
        "G#",
        "A#",
        "C#m",
        "C#",
        "C#m",
        "C#",
        "C#m",
        "Gm",
        "C#m",
        "C#",
        "C#m",
        "Gm",
        "C#",
        "C#m",
        "Cm",
        "C#m",
        "Gm",
        "D#m",
        "A#",
        "C#m",
        "Cm",
        "C#m",
        "Cm",
        "Fm",
        "G#m",
        "F#m",
        "G#m",
        "Fm",
        "E",
        "G#m",
        "C#m",
        "F#m",
        "G#m",
        "F#m",
        "C#",
        "G#m",
        "F#m",
        "G#m",
        "F#m",
        "C#m",
        "Am",
        "Fm",
        "A#",
        "Cm",
        "A#",
        "G#",
        "A#",
        "Fm",
        "A#",
        "Cm",
        "C#m",
        "C#",
        "C#m",
        "C#",
        "C#m",
        "C#",
        "C#m",
        "C#",
        "C#m",
        "Em",
        "C#m",
        "C#",
        "C#m",
        "C#",
        "C#m",
        "Cm",
        "D#m",
        "A#",
        "C#m",
        "Cm",
        "D#m",
        "G#m",
        "Cm",
        "A#m",
        "G#m",
        "F#m",
        "G#m",
        "E",
        "Fm",
        "Cm",
        "G#m",
        "Cm",
        "C#m",
