{
    "filename": "Zuckbergian [lj1YVJBrEDQ].wav",
    "bitrate": 1411200,
    "duration": 70.4014739229025,
    "sample_rate": 44100,
    "tempo": 0.0,
    "key": "E",
    "spectral_centroid": 2378.110484936444,
    "spectral_bandwidth": 3295.133150510744,
    "spectral_rolloff": 5488.821998938407,
    "rms": 0.18012428283691406,
    "zero_crossing_rate": 0.025924400792587402
}