{
    "duration": 76.826125,
    "tempo": 98.6842105263158,
    "time_signature": "2/4",
    "key": "A# major",
    "spectral_centroid": 2842.714392600565,
    "spectral_bandwidth": 3150.227330947664,
    "spectral_rolloff": 6112.316482715535,
    "rms": 0.21425119042396545,
    "zero_crossing_rate": 0.08163895740056226,
    "mfcc": [
        -146.18878173828125,
        119.72956848144531,
        24.96367835998535,
        18.401792526245117,
        10.088147163391113,
        0.2472022920846939,
        -6.697836875915527,
        11.546183586120605,
        8.461891174316406,
        -0.6353923678398132,
        -0.059460289776325226,
        4.868997573852539,
        9.196599006652832
    ],
    "chroma": [
        0.5374245643615723,
        0.4565565884113312,
        0.536397397518158,
        0.5348633527755737,
        0.5328163504600525,
        0.44930991530418396,
        0.47153493762016296,
        0.5113248229026794,
        0.5013759732246399,
        0.5394046306610107,
        0.49646124243736267,
        0.5808570384979248
    ],
    "spectral_contrast": [
        17.362344819688847,
        12.552107796013916,
        15.549981991539244,
        17.214983244092746,
        18.744152701424653,
        20.5603359684211,
        19.195856921369202
    ],
    "tonnetz": [
        0.11079879885052506,
        0.015470453502809834,
        -0.0466598038230385,
        -0.03756539072835202,
        -0.013556677570315877,
        -0.0023882410188698967
    ],
    "chord_progression": [
        "G",
        "Bm",
        "F#m",
        "A",
        "D",
        "A",
        "G#",
        "A",
        "D",
        "Bm",
        "A",
        "E",
        "F#m",
        "E",
        "F#m",
        "A#m",
        "F",
        "D",
        "G#",
        "D",
        "Dm",
        "Em",
        "Dm",
        "D",
        "C#m",
        "C#",
        "F#m",
        "C#",
        "Dm",
        "D",
        "Bm",
        "F#m",
        "D",
        "Bm",
        "C",
        "Bm",
        "A",
        "D",
        "Bm",
        "A",
        "E",
        "G#m",
        "D",
        "A#m",
        "D#m",
        "D",
        "G#",
        "D",
        "Dm",
        "D",
        "G",
        "A",
        "G",
        "Dm",
        "D",
        "C#m",
        "E",
        "F#m",
        "C#",
        "G#",
        "E",
        "Dm",
        "G#",
        "G",
        "Bm",
        "F#m",
        "G#m",
        "G#",
        "Bm",
        "C",
        "A",
        "D",
        "A",
        "Bm",
        "A",
        "E",
        "G#m",
        "E",
        "D#",
        "A#m",
        "A#",
        "D#m",
        "D",
        "G#",
        "D",
        "Dm",
        "D",
        "C#m",
        "E",
        "G#m",
        "C#",
        "F#m",
        "Dm",
        "D",
        "A",
        "G",
        "Bm",
        "F#m",
        "Bm",
        "C",
        "Bm",
        "A",
        "Bm",
        "A",
        "C",
        "A",
        "E",
        "F#m",
        "A#m",
        "A#",
        "D",
        "Dm",
        "D",
        "Dm",
        "Em",
        "Dm",
        "C#m",
        "E",
        "F#m",
        "C#",
        "D",
        "Dm",
        "A#",
        "Dm",
        "G#",
        "G",
        "Bm",
        "F#m",
        "E",
        "A",
        "G#",
        "A",
        "G#",
        "A",
        "G#",
        "A",
        "E",
        "F#m",
        "A#m",
        "D",
        "A#",
        "D",
        "G#",
        "D",
        "Dm",
        "Em",
        "Dm",
        "D",
        "C#m",
        "C#",
        "F#m",
        "C#",
        "G#",
        "A#",
        "Dm",
        "D",
        "G",
        "Bm",
        "F#m",
        "D",
        "Bm",
        "A",
        "D",
        "Bm",
        "A",
        "E",
        "G#m",
        "D",
        "A#m",
        "D#m",
        "D",
        "G#",
        "D",
        "G#",
        "D",
        "G",
        "A",
        "G",
        "Dm",
        "D",
        "C#m",
        "E",
        "F#m",
        "G#m",
        "C#",
        "C",
        "E",
        "Dm",
        "G#",
        "G",
        "Bm",
        "F#m",
        "G#",
        "Bm",
        "C",
        "A",
        "D",
        "C#m",
        "A",
        "Bm",
        "A",
        "E",
        "D#",
        "A#m",
        "D#m",
        "A#",
        "D",
        "G#",
        "Dm",
        "D",
        "Dm",
        "D",
        "C#m",
        "G#m",
        "C#",
        "F#m",
        "Dm",
        "D",
        "G",
        "Bm",
        "F#m",
        "Bm",
        "C",
        "Bm",
        "A",
        "Bm",
        "C",
        "A",
        "E",
        "F#m",
        "A#m",
        "A#",
        "D",
        "Dm",
        "Em",
        "Dm",
        "C#m",
        "F#m",
        "C#",
        "D",
        "Dm"
    ],
    "chromagram_path": "/Users/blblackboyzeusackboyzeus/BBZ(AiArtist)/music_generator/Blue [dXHGW86pyuo]/visuals/chromagram.png",
    "waveform_path": "error",
    "spectrogram_path": "visuals/spectrogram.png"
}