{
    "duration": 199.83675,
    "tempo": 120.96774193548387,
    "time_signature": "2/4",
    "key": "D major",
    "spectral_centroid": 2318.484112750029,
    "spectral_bandwidth": 2702.8946860901947,
    "spectral_rolloff": 4711.720626501201,
    "rms": 0.24947583675384521,
    "zero_crossing_rate": 0.06319051334817855,
    "mfcc": [
        -109.22938537597656,
        126.0765380859375,
        -3.4402589797973633,
        32.419429779052734,
        -1.8647432327270508,
        15.75167179107666,
        -8.400581359863281,
        1.1380364894866943,
        -8.367830276489258,
        -0.6218465566635132,
        -7.468127727508545,
        -2.26823091506958,
        -7.0063605308532715
    ],
    "chroma": [
        0.477664977312088,
        0.3542592227458954,
        0.3057498037815094,
        0.31676679849624634,
        0.3560199439525604,
        0.44267913699150085,
        0.3500722348690033,
        0.40783217549324036,
        0.4267478287220001,
        0.3840946555137634,
        0.45288100838661194,
        0.4290834963321686
    ],
    "spectral_contrast": [
        17.576337924749776,
        13.559286721392278,
        18.184844627527045,
        17.747731401626048,
        17.189049673385533,
        16.648694179563616,
        24.251396948703754
    ],
    "tonnetz": [
        -0.071845565555391,
        0.06913846179405622,
        -0.01271503020073848,
        0.0006268756929784235,
        0.009043829669772853,
        -0.01872646889905743
    ],
    "chord_progression": [],
    "chromagram_path": "/Users/blblackboyzeusackboyzeus/BBZ(AiArtist)/music_generator/Sunday Blues (Bonus) [l9pkSqWFoUc]/visuals/chromagram.png",
    "waveform_path": "error",
    "spectrogram_path": "visuals/spectrogram.png"
}