{
    "duration": 116.49596875,
    "tempo": 133.92857142857142,
    "time_signature": "2/4",
    "key": "D# major",
    "spectral_centroid": 2473.6484217729244,
    "spectral_bandwidth": 3035.5516993910956,
    "spectral_rolloff": 5388.727939156709,
    "rms": 0.20464184880256653,
    "zero_crossing_rate": 0.056420995677963194,
    "mfcc": [
        -144.73143005371094,
        121.373779296875,
        21.96442413330078,
        18.518144607543945,
        -7.770308494567871,
        24.453418731689453,
        -5.802715301513672,
        9.402243614196777,
        -2.5722975730895996,
        -3.2925379276275635,
        1.553525447845459,
        0.3076377809047699,
        -4.824380874633789
    ],
    "chroma": [
        0.49588868021965027,
        0.43930432200431824,
        0.4887405335903168,
        0.4566585421562195,
        0.5180010199546814,
        0.3787224292755127,
        0.339473158121109,
        0.38119834661483765,
        0.38756632804870605,
        0.4524286389350891,
        0.3767898380756378,
        0.47763264179229736
    ],
    "spectral_contrast": [
        19.500580319748195,
        15.15763689072013,
        17.60007935823304,
        18.414401194858105,
        19.036438456821422,
        18.377661324553536,
        21.549805391481566
    ],
    "tonnetz": [
        0.16512897623039585,
        0.03827660811572182,
        -0.05186270741542963,
        0.0220344165651402,
        -0.008666232445959507,
        0.015365845235398475
    ],
    "chord_progression": [
        "Bm",
        "A",
        "Bm",
        "D",
        "Gm",
        "D",
        "A",
        "D",
        "Dm",
        "E",
        "Bm",
        "A#",
        "Bm",
        "A",
        "G",
        "A",
        "G",
        "C",
        "Fm",
        "A",
        "Bm",
        "D",
        "Gm",
        "D",
        "Dm",
        "F#m",
        "A#",
        "C#m",
        "A",
        "C",
        "Bm",
        "A",
        "D",
        "Cm",
        "A",
        "C",
        "Cm",
        "Gm",
        "C",
        "Cm",
        "C#m",
        "G#",
        "Dm",
        "C#m",
        "Cm",
        "C#m",
        "A",
        "C",
        "G#",
        "A#",
        "Cm",
        "D",
        "A",
        "A#",
        "A",
        "C",
        "G",
        "Bm",
        "A",
        "F#m",
        "A",
        "Dm",
        "A",
        "D",
        "Gm",
        "A#",
        "C",
        "Cm",
        "G#",
        "E",
        "Cm",
        "C#m",
        "A#",
        "Dm",
        "A",
        "G",
        "C",
        "G#",
        "C",
        "G",
        "Bm",
        "A",
        "Dm",
        "A",
        "Dm",
        "D",
        "Gm",
        "C",
        "Gm",
        "C#m",
        "Cm",
        "Em",
        "G#",
        "Dm",
        "G#",
        "Cm",
        "C",
        "C#m",
        "E",
        "A#",
        "A",
        "G",
        "C",
        "A",
        "Bm",
        "A",
        "Gm",
        "A#",
        "A",
        "Gm",
        "G#",
        "Dm",
        "Cm",
        "C#m",
        "C",
        "A#",
        "G#",
        "A#",
        "D",
        "A#",
        "G#",
        "A#",
        "D",
        "Dm",
        "C#m",
        "C",
        "Em",
        "G",
        "Em",
        "Dm",
        "C#m",
        "Bm",
        "A",
        "C#m",
        "C",
        "A#",
        "Dm",
        "D",
        "Dm",
        "G#",
        "Dm",
        "A#",
        "Dm",
        "A#",
        "Dm",
        "Cm",
        "Dm",
        "D",
        "Bm",
        "A",
        "Em",
        "D",
        "Bm",
        "A",
        "Bm",
        "A",
        "C",
        "F#m",
        "C",
        "Dm",
        "A#m",
        "G#",
        "A#m",
        "F#m",
        "Dm",
        "D",
        "Dm",
        "D",
        "A#",
        "C",
        "A",
        "Cm",
        "C#m",
        "G#",
        "Cm",
        "Am",
        "Cm",
        "C#",
        "C",
        "Cm",
        "C#m",
        "C",
        "A",
        "Am",
        "Cm",
        "D",
        "Dm",
        "A",
        "Dm",
        "C",
        "G",
        "Bm",
        "A",
        "Dm",
        "A",
        "Gm",
        "A#",
        "A",
        "Cm",
        "G#",
        "Cm",
        "C#m",
        "C",
        "A#",
        "D",
        "A",
        "A#",
        "A",
        "C",
        "G",
        "Bm",
        "C",
        "A",
        "Dm",
        "A",
        "D",
        "Gm",
        "A#",
        "Gm",
        "A#",
        "Cm",
        "C",
        "G#",
        "E",
        "Cm",
        "C#m",
        "A#",
        "Dm",
        "A",
        "Bm",
        "A",
        "C",
        "Cm",
        "C",
        "Bm",
        "A",
        "D",
        "Gm",
        "D",
        "C#m",
        "Cm",
        "C#m",
        "Dm",
        "D",
        "Dm",
        "C#m",
        "Cm",
        "C#m",
        "C",
        "C#m",
        "D",
        "A#",
        "D",
        "G#",
        "Dm",
        "D",
        "Dm",
        "D",
        "Dm",
        "D",
        "Dm",
        "C#m",
        "C",
        "Dm",
        "C#",
        "G",
        "C#",
        "Dm",
        "C#m",
        "C",
        "C#m",
        "C",
        "C#m",
        "A#",
        "Dm",
        "D",
        "Dm",
        "G#",
        "D",
        "Dm",
        "Cm",
        "Dm",
        "D",
        "Dm",
        "D",
        "Bm",
        "D",
        "Dm",
        "D",
        "A",
        "C#m",
        "C",
        "C#m",
        "C",
        "C#m",
        "Bm",
        "A",
        "C",
        "A",
        "C",
        "A",
        "F#m",
        "Bm",
        "A#",
        "C",
        "A",
        "C",
        "A",
        "Fm",
        "A",
        "E",
        "A",
        "Dm",
        "G#",
        "A#",
        "Dm",
        "G#m",
        "A",
        "G#",
        "A",
        "G#",
        "C",
        "A#m",
        "Cm",
        "C",
        "G#",
        "C",
        "Bm",
        "A",
        "Bm",
        "F#m",
        "Bm",
        "G#",
        "A",
        "G#",
        "D",
        "G#",
        "A#",
        "G#",
        "A#",
        "A",
        "C",
        "A",
        "A#",
        "G#m",
        "Dm",
        "D",
        "Dm",
        "G#",
        "Dm",
        "G#",
        "F"
    ],
    "chromagram_path": "/Users/blblackboyzeusackboyzeus/BBZ(AiArtist)/music_generator/New Font [czYj2TxIRH8]/visuals/chromagram.png",
    "waveform_path": "error",
    "spectrogram_path": "visuals/spectrogram.png"
}