{
    "duration": 216.48978125,
    "tempo": 117.1875,
    "time_signature": "2/4",
    "key": "A minor",
    "spectral_centroid": 2579.8812886871174,
    "spectral_bandwidth": 2954.985298405985,
    "spectral_rolloff": 5476.709731357623,
    "rms": 0.16016538441181183,
    "zero_crossing_rate": 0.065464366258499,
    "mfcc": [
        -164.7828826904297,
        110.8271713256836,
        21.218589782714844,
        40.04158401489258,
        1.245266318321228,
        21.974332809448242,
        -0.7769038081169128,
        10.683805465698242,
        6.196402072906494,
        3.830789566040039,
        1.9512704610824585,
        3.9268858432769775,
        -1.6163647174835205
    ],
    "chroma": [
        0.41904008388519287,
        0.42444559931755066,
        0.42267462611198425,
        0.5377236604690552,
        0.4918276071548462,
        0.6267911195755005,
        0.5617644190788269,
        0.45304229855537415,
        0.49180227518081665,
        0.46949753165245056,
        0.5180396437644958,
        0.4354000985622406
    ],
    "spectral_contrast": [
        17.83906308987626,
        12.918426557926558,
        17.321868488852168,
        19.51356403659457,
        17.85769811653571,
        17.939872775544544,
        23.94365510554392
    ],
    "tonnetz": [
        -0.20971789915086192,
        -0.07417750624143989,
        0.10612691201063276,
        -0.037177105145708565,
        -0.01156110021922188,
        0.04074979315735541
    ],
    "chord_progression": [
        "Gm",
        "G",
        "Am",
        "C#",
        "G#m",
        "Am",
        "C#",
        "G#m",
        "D#m",
        "G",
        "Am",
        "C#",
        "D#m",
        "Am",
        "C#",
        "G#m",
        "Cm",
        "D#",
        "D#m",
        "D#",
        "A#m",
        "D#m",
        "Gm",
        "D#m",
        "Gm",
        "D#m",
        "Am",
        "D#m",
        "G#m",
        "C#",
        "G#m",
        "D#",
        "D#m",
        "A#",
        "G#m",
        "Am",
        "D#m",
        "D#",
        "A#m",
        "D#",
        "D#m",
        "A#m",
        "D#m",
        "Gm",
        "D#m",
        "A#",
        "Fm",
        "A#",
        "Fm",
        "A#",
        "Am",
        "D#m",
        "D#",
        "A#m",
        "G#m",
        "D#m",
        "D#",
        "D#m",
        "A#m",
        "G#m",
        "A#m",
        "G#m",
        "Fm",
        "A#",
        "Fm",
        "A#",
        "Fm",
        "A#",
        "Am",
        "D#m",
        "A#m",
        "D#m",
        "D#",
        "D#m",
        "A#m",
        "G#m",
        "A#m",
        "G#m",
        "A#m",
        "D#m",
        "E",
        "A#m",
        "G#m",
        "A#m",
        "Cm",
        "Fm",
        "D#m",
        "A#m",
        "G#m",
        "A#m",
        "G#m",
        "A#m",
        "D#m",
        "Am",
        "G",
        "Bm",
        "F#m",
        "G#m",
        "F#m",
        "A#m",
        "G#m",
        "A#m",
        "C",
        "D#m",
        "D#",
        "G#m",
        "C#",
        "G#m",
        "C#",
        "C#m",
        "G#m",
        "A#m",
        "Cm",
        "Fm",
        "A#m",
        "D#",
        "D#m",
        "Am",
        "G#m",
        "C#",
        "F#m",
        "G#m",
        "F#m",
        "E",
        "D#m",
        "D#",
        "Cm",
        "A#m",
        "D#",
        "Fm",
        "G#",
        "C#m",
        "D#m",
        "Cm",
        "D#m",
        "G#m",
        "D#m",
        "Fm",
        "G#m",
        "C#",
        "C#m",
        "C#",
        "Em",
        "D#",
        "D#m",
        "D#",
        "D#m",
        "Gm",
        "D#m",
        "Gm",
        "D#m",
        "Am",
        "G#m",
        "F#m",
        "C#",
        "G#m",
        "C#",
        "G#m",
        "D#m",
        "Fm",
        "A#",
        "C#",
        "G#m",
        "Am",
        "D#",
        "G#m",
        "D#",
        "D#m",
        "G#m",
        "D#",
        "A#m",
        "D#m",
        "Gm",
        "D#m",
        "Cm",
        "A#m",
        "D#m",
        "Am",
        "G",
        "D#m",
        "Gm",
        "C#",
        "G#m",
        "C#",
        "G#m",
        "C#",
        "G#m",
        "C#",
        "Em",
        "Gm",
        "C#",
        "Gm",
        "A#",
        "Am",
        "Fm",
        "A#",
        "Am",
        "E",
        "Am",
        "D#m",
        "Gm",
        "D#m",
        "G#m",
        "D#m",
        "Gm",
        "D#m",
        "Fm",
        "Em",
        "G#m",
        "C#m",
        "C#",
        "Cm",
        "Em",
        "C#m",
        "D#m",
        "C",
        "D#m",
        "A#m",
        "G#m",
        "A#m",
        "Cm",
        "D#m",
        "A#m",
        "G#m",
        "A#m",
        "Am",
        "Bm",
        "F#m",
        "A#m",
        "G#m",
        "A#m",
        "C",
        "D#m",
        "G#m",
        "C#",
        "C#m",
        "D#m",
        "Cm",
        "D#m",
        "A#m",
        "G#m",
        "D#m",
        "Am",
        "C#",
        "G#m",
        "F#m",
        "E",
        "D#m",
        "A",
        "E",
        "D#m",
        "Fm",
        "A#",
        "Dm",
        "C#m",
        "D#m",
        "C",
        "D#m",
        "Fm",
        "Dm",
        "C#m",
        "C#",
        "Em",
        "A#",
        "Fm",
        "A#",
        "Fm",
        "A#",
        "Fm",
        "A#",
        "Fm",
        "A#",
        "Fm",
        "Am",
        "D#m",
        "Am",
        "D#m",
        "D#",
        "A#m",
        "G#m",
        "A#m",
        "G#m",
        "D#m",
        "D#",
        "D#m",
        "A#m",
        "G#m",
        "A#m",
        "G#m",
        "A#m",
        "D#",
        "Fm",
        "A#",
        "Am",
        "D#m",
        "Am",
        "D#",
        "D#m",
        "A#m",
        "D#m",
        "D#",
        "D#m",
        "A#m",
        "G#m",
        "A#m",
        "G#m",
        "A#m",
        "D#m",
        "Cm",
        "D#m",
        "E",
        "A#m",
        "Fm",
        "D#m",
        "A#m",
        "G#m",
        "A#m",
        "D#m",
        "Am",
        "Dm",
        "Bm",
        "F#m",
        "A#m",
        "E",
        "Fm",
        "D#m",
        "D#",
        "G#m",
        "C#",
        "C#m",
        "G#m",
        "C#m",
        "G#m",
        "A#m",
        "Cm",
        "Fm",
        "A#m",
        "G#m",
        "A#m",
        "D#",
        "D#m",
        "Am",
        "G#m",
        "F#m",
        "E",
        "D#m",
        "D#",
        "E",
        "A#m",
        "D#",
        "Fm",
        "A#",
        "F",
        "C#m",
        "D#m",
        "C",
        "D#m",
        "Fm",
        "Em",
        "C#",
        "C#m",
        "C#",
        "Em",
        "D#m",
        "D#",
        "D#m",
        "D#",
        "A#m",
        "D#m",
        "Gm",
        "D#m",
        "Gm",
        "D#m",
        "Am",
        "G#m",
        "F#m",
        "G#m",
        "D#m",
        "G#m",
        "D#m",
        "A#",
        "C#",
        "G#m",
        "Am",
        "D#",
        "G#m",
        "D#",
        "D#m",
        "D#",
        "D#m",
        "G#m",
        "A#m",
        "D#m",
        "Gm",
        "D#m",
        "Cm",
        "A#m",
        "D#m",
        "D#",
        "G",
        "D#m",
        "Gm",
        "C#",
        "G#m",
        "C#",
        "G#m",
        "C#",
        "G#m",
        "C#",
        "Em",
        "C#",
        "Gm",
        "G",
        "C#",
        "Gm",
        "A#",
        "Fm",
        "A#",
        "Am",
        "Gm",
        "D#m",
        "G#m",
        "D#m",
        "Gm",
        "D#m",
        "D#",
        "D#m",
        "Fm",
        "G#m",
        "C#m",
        "C#",
        "Cm",
        "Em",
        "C#m",
        "D#m",
        "C",
        "E",
        "A#m",
        "G#m",
        "A#m",
        "Cm",
        "C",
        "D#m",
        "A#m",
        "G#m",
        "A#m",
        "G#m",
        "Am",
