{
    "filename": "Michelin Star Marsmix (Bonus) [laOlvd6sNrQ].wav",
    "bitrate": 1411200,
    "duration": 291.31612244897957,
    "sample_rate": 44100,
    "tempo": 0.0,
    "key": "C#",
    "spectral_centroid": 2334.868270752884,
    "spectral_bandwidth": 3031.2050202502987,
    "spectral_rolloff": 4825.335772170911,
    "rms": 0.14479534327983856,
    "zero_crossing_rate": 0.03971206273413837
}