{
    "duration": 165.04803125,
    "tempo": 163.04347826086956,
    "time_signature": "2/4",
    "key": "E minor",
    "spectral_centroid": 3313.4235799251633,
    "spectral_bandwidth": 3804.2659074870285,
    "spectral_rolloff": 7784.226262601784,
    "rms": 0.2891943156719208,
    "zero_crossing_rate": 0.07671070727510663,
    "mfcc": [
        -77.62410736083984,
        92.76271057128906,
        32.011390686035156,
        40.74839401245117,
        19.257139205932617,
        17.946447372436523,
        -21.093259811401367,
        9.269786834716797,
        -2.673813819885254,
        6.439271450042725,
        -3.5219228267669678,
        1.7473725080490112,
        4.479680061340332
    ],
    "chroma": [
        0.46878862380981445,
        0.5676276087760925,
        0.48856520652770996,
        0.5337073802947998,
        0.41774287819862366,
        0.40395674109458923,
        0.449314683675766,
        0.4195381999015808,
        0.5043022036552429,
        0.43692368268966675,
        0.500822901725769,
        0.5127465128898621
    ],
    "spectral_contrast": [
        19.603822243377355,
        13.05156171314163,
        17.720888329052602,
        18.206654152251307,
        18.69334010317469,
        17.827923374356747,
        21.963491536733653
    ],
    "tonnetz": [
        -0.05097994156947225,
        -0.10953217440526448,
        0.014224140538896103,
        0.03286169498485193,
        -0.003747095958117015,
        -0.0111921489647118
    ],
    "chord_progression": [
        "D#",
        "D",
        "D#m",
        "C",
        "F#m",
        "G#m",
        "F#m",
        "G#m",
        "D#m",
        "E",
        "G#m",
        "Gm",
        "G#m",
        "D#m",
        "Gm",
        "D#m",
        "Gm",
        "G#m",
        "Gm",
        "D#",
        "A",
        "A#",
        "Fm",
        "C#m",
        "F#m",
        "C#m",
        "A#",
        "F#m",
        "G#m",
        "D#",
        "Gm",
        "G#",
        "Fm",
        "G#m",
        "C#m",
        "A#",
        "G#",
        "Gm",
        "Am",
        "C#m",
        "Em",
        "A#",
        "Fm",
        "G#",
        "G#m",
        "Gm",
        "E",
        "G#m",
        "Gm",
        "G#m",
        "C#m",
        "D#m",
        "Gm",
        "D#m",
        "G#m",
        "Gm",
        "Fm",
        "A#",
        "Fm",
        "Cm",
        "C#m",
        "F#m",
        "Gm",
        "D#m",
        "Fm",
        "Em",
        "A",
        "Bm",
        "D",
        "Bm",
        "D",
        "Bm",
        "D#",
        "Bm",
        "Dm",
        "C#m",
        "Bm",
        "G#m",
        "Gm",
        "G#m",
        "Gm",
        "G#m",
        "Fm",
        "Gm",
        "A#",
        "Gm",
        "D#m",
        "C#m",
        "Gm",
        "Am",
        "Cm",
        "A",
        "A#",
        "Gm",
        "C#m",
        "F#m",
        "C#m",
        "D#",
        "C",
        "Fm",
        "G#",
        "Gm",
        "G#m",
        "Fm",
        "Am",
        "C#m",
        "Fm",
        "Gm",
        "Am",
        "C#m",
        "Em",
        "C#m",
        "Fm",
        "A#",
        "Am",
        "G#m",
        "C#",
        "G#m",
        "C#",
        "G#m",
        "Gm",
        "G#m",
        "D#m",
        "Gm",
        "A#",
        "Gm",
        "A#",
        "D#m",
        "G#m",
        "Gm",
        "A#",
        "Gm",
        "C#m",
        "F#m",
        "D#m",
        "D#",
        "C",
        "G#",
        "Fm",
        "Gm",
        "Fm",
        "G#m",
        "Fm",
        "Am",
        "C#m",
        "Am",
        "A#",
        "Fm",
        "D#",
        "Am",
        "C#m",
        "G#m",
        "A#",
        "Fm",
        "G#",
        "G#m",
        "E",
        "G#m",
        "C#",
        "D",
        "D#m",
        "Fm",
        "A#",
        "Gm",
        "G#",
        "A#",
        "Fm",
        "Gm",
        "G#",
        "A#",
        "Gm",
        "C#m",
        "Cm",
        "Fm",
        "G#",
        "C#m",
        "F#m",
        "C#m",
        "F#m",
        "C#m",
        "Gm",
        "A",
        "D#",
        "Fm",
        "A#",
        "Am",
        "G#",
        "G#m",
        "Fm",
        "Am",
        "Gm",
        "G#",
        "A#",
        "Gm",
        "Am",
        "Gm",
        "A#",
        "G#",
        "Gm",
        "C#",
        "G#m",
        "C#",
        "D#",
        "E",
        "G#m",
        "Gm",
        "G#m",
        "D#m",
        "Gm",
        "D#m",
        "Gm",
        "D#m",
        "Gm",
        "Am",
        "Fm",
        "A",
        "G",
        "A#",
        "Fm",
        "Em",
        "C#m",
        "F#m",
        "E",
        "Am",
        "A",
        "D#",
        "C#m",
        "G#",
        "Fm",
        "C#m",
        "G#m",
        "D#m",
        "G#m",
        "D#",
        "C#m",
        "Am",
        "Fm",
        "G#",
        "Gm",
        "Am",
        "Gm",
        "Am",
        "A#",
        "G#",
        "Am",
        "E",
        "G#m",
        "Gm",
        "D#",
        "G#m",
        "Gm",
        "G#m",
        "Gm",
        "D#m",
        "Gm",
        "G#m",
        "Gm",
        "D#",
        "C#m",
        "Gm",
        "A#",
        "Fm",
        "C#m",
        "F#m",
        "Bm",
        "F#m",
        "D#m",
        "Am",
        "C",
        "Fm",
        "A#",
        "G#m",
        "C#m",
        "Gm",
        "A#",
        "Gm",
        "D",
        "G#",
        "A#",
        "Fm",
        "Gm",
        "E",
        "G#m",
        "C#",
        "D#",
        "E",
        "G#m",
        "Gm",
        "G#m",
        "D#m",
        "Gm",
        "D#m",
        "Gm",
        "D#m",
        "G#m",
        "C#m",
        "Gm",
        "Am",
        "E",
        "C#m",
        "A#",
        "Fm",
        "C#m",
        "F#m",
        "Bm",
        "F#m",
        "D#m",
        "F",
        "D#m",
        "C",
        "G#",
        "Fm",
        "A#",
        "G#m",
        "C#m",
        "A#",
        "Gm",
        "Am",
        "C#m",
        "A",
        "A#",
        "G#",
        "G#m",
        "G",
        "G#m",
        "C#",
        "D",
        "D#m",
        "A#",
        "Gm",
        "A#",
        "Gm",
        "Fm",
        "Am",
        "Gm",
        "C#m",
        "Fm",
        "A#",
        "Am",
        "C#m",
        "Am",
        "A",
        "Fm",
        "C#",
        "A#",
        "F",
        "A#",
        "G#m",
        "D#m",
        "D#",
        "Am",
        "Gm",
        "C#m",
        "Gm",
        "C#",
        "G#",
        "A#",
        "G#",
        "E",
        "G#m",
        "D#",
        "E",
        "G#m",
        "C#",
        "Gm",
        "G#m",
        "D#m",
        "Gm",
        "D#m",
        "Gm",
        "D#m",
        "F#m",
        "Am",
        "Gm",
        "D#",
        "Cm",
        "A",
        "G",
        "A#",
        "Em",
        "C#m",
        "Am",
        "E",
        "C",
        "G#",
        "Fm",
        "G#",
        "Fm",
        "G#m",
        "D#",
        "G#m",
        "C#m",
        "Gm",
        "C#m",
        "G#",
        "Gm",
        "Am",
        "G#",
        "A#",
        "Fm",
        "G#",
        "Am",
        "E",
        "G#m",
        "Gm",
        "D#",
        "G#m",
        "Gm",
        "G#m",
        "D#m",
        "Gm",
        "D#m",
        "Gm",
        "G#m",
        "Gm",
        "D#",
        "Am",
        "C#m",
        "Fm",
        "A#",
        "Gm",
        "Am",
        "Fm",
        "C#m",
        "F#m",
        "C#m",
        "G#m",
        "C#m",
        "E",
        "Am",
        "D#",
        "C",
        "G#",
        "D#",
        "Fm",
        "Gm",
        "D#m",
        "Fm",
        "Am",
        "C#m",
        "Fm",
        "Am",
        "C#m",
        "Em",
        "C#m",
        "A#",
        "Fm",
        "A#",
        "Am",
        "G#m",
        "C#m",
        "G#m",
        "C#m",
        "G#m",
