{
    "duration": 203.496,
    "tempo": 120.96774193548387,
    "time_signature": "2/4",
    "key": "F# major",
    "spectral_centroid": 2106.4970090040697,
    "spectral_bandwidth": 2842.908567088347,
    "spectral_rolloff": 4468.198413790392,
    "rms": 0.15494948625564575,
    "zero_crossing_rate": 0.042671228206816576,
    "mfcc": [
        -190.09356689453125,
        125.90242767333984,
        8.892989158630371,
        25.565372467041016,
        1.9966963529586792,
        14.350811004638672,
        -5.3239240646362305,
        5.606687545776367,
        -2.829496383666992,
        4.0300445556640625,
        1.2233688831329346,
        1.926308274269104,
        1.7682428359985352
    ],
    "chroma": [
        0.4694226384162903,
        0.5325886607170105,
        0.38192063570022583,
        0.3386497497558594,
        0.3590483069419861,
        0.4252168834209442,
        0.5771398544311523,
        0.42322102189064026,
        0.42475202679634094,
        0.40708282589912415,
        0.4608541429042816,
        0.5623086094856262
    ],
    "spectral_contrast": [
        19.456542049585003,
        14.670979355129074,
        17.370653514606794,
        19.44957963832811,
        19.283637899210845,
        18.42973395362425,
        23.016136847915973
    ],
    "tonnetz": [
        0.03364310844300383,
        -0.2105542925732645,
        0.021772123899703885,
        -0.11652220829163512,
        -0.01994006723732425,
        0.03814186568300229
    ],
    "chord_progression": [
        "A#",
        "G#m",
        "Gm",
        "D",
        "Gm",
        "D",
        "A#",
        "Bm",
        "D",
        "Gm",
        "A#",
        "Gm",
        "D",
        "Em",
        "A",
        "Gm",
        "C",
        "E",
        "Gm",
        "A#",
        "D",
        "Gm",
        "Am",
        "Gm",
        "D",
        "A#",
        "D#",
        "Gm",
        "D#m",
        "D",
        "A#",
        "Gm",
        "A#",
        "A",
        "A#",
        "Gm",
        "A#",
        "Gm",
        "C",
        "Gm",
        "A#",
        "C",
        "D",
        "Gm",
        "A#",
        "Gm",
        "Am",
        "Gm",
        "A#",
        "D",
        "Gm",
        "D",
        "C#",
        "D",
        "A#",
        "C",
        "D",
        "G#",
        "C",
        "D",
        "Gm",
        "E",
        "F#m",
        "A#",
        "Gm",
        "A#",
        "Gm",
        "A#",
        "Gm",
        "A#",
        "Gm",
        "A#",
        "Gm",
        "A#",
        "Gm",
        "G#",
        "A",
        "Gm",
        "A#",
        "Gm",
        "A#",
        "C",
        "A#",
        "Gm",
        "A#",
        "Gm",
        "D#m",
        "Gm",
        "G#",
        "Gm",
        "A#",
        "Gm",
        "A#",
        "G#",
        "A#",
        "C#",
        "Gm",
        "A#",
        "Gm",
        "A#",
        "D",
        "Bm",
        "A",
        "A#",
        "A",
        "Bm",
        "Gm",
        "A#",
        "Gm",
        "A#",
        "Gm",
        "A#",
        "D",
        "Bm",
        "A",
        "G",
        "A#",
        "D",
        "A",
        "Bm",
        "G",
        "Gm",
        "D#m",
        "Gm",
        "D#m",
        "Gm",
        "D",
        "G#",
        "A#",
        "A",
        "Bm",
        "Gm",
        "A#",
        "Gm",
        "D#m",
        "D",
        "C#",
        "F#m",
        "C#m",
        "C#",
        "A#",
        "G#",
        "A#",
        "Gm",
        "A#",
        "Fm",
        "A#",
        "Gm",
        "D#",
        "Gm",
        "A#",
        "Gm",
        "A#",
        "A",
        "Gm",
        "A#",
        "Gm",
        "D",
        "C",
        "Gm",
        "A#",
        "Gm",
        "A#",
        "Gm",
        "D",
        "G#",
        "C",
        "Gm",
        "E",
        "Cm",
        "E",
        "C",
        "Gm",
        "A#",
        "Gm",
        "A#",
        "Gm",
        "Am",
        "Gm",
        "D#m",
        "Gm",
        "D#m",
        "D",
        "Gm",
        "C",
        "Gm",
        "A#",
        "Gm",
        "A#",
        "G#",
        "C",
        "Gm",
        "E",
        "C",
        "Gm",
        "A#",
        "C",
        "D",
        "A#",
        "Gm",
        "D",
        "Gm",
        "C#",
        "Gm",
        "D",
        "G#",
        "C",
        "Gm",
        "A#",
        "Gm",
        "A#",
        "Gm",
        "A#",
        "Gm",
        "A#",
        "Gm",
        "A#",
        "Gm",
        "A#",
        "D",
        "Bm",
        "A",
        "A#",
        "A",
        "Bm",
        "A",
        "Gm",
        "D",
        "Bm",
        "A",
        "G",
        "A#",
        "Fm",
        "A#",
        "A",
        "Em",
        "C#m",
        "Em",
        "A",
        "Bm",
        "A",
        "C#m",
        "A#",
        "Gm",
        "D",
        "Gm",
        "A#",
        "Gm",
        "D",
        "A#",
        "F#m",
        "A#",
        "Gm",
        "A#",
        "Gm",
        "A#",
        "Gm",
        "A#",
        "A",
        "Gm",
        "C#m",
        "A",
        "C#m",
        "Gm",
        "C#m",
        "Em",
        "Gm",
        "F",
        "Gm",
        "A#",
        "Gm",
        "A#",
        "D",
        "Gm",
        "D",
        "Gm",
        "A#",
        "Gm",
        "A#",
        "A",
        "Em",
        "D",
        "Bm",
        "Em",
        "C#m",
        "Gm",
        "A#",
        "G#m",
        "Gm",
        "A#",
        "Gm",
        "A#",
        "Gm",
        "A#",
        "Em",
        "D",
        "A#",
        "Gm",
        "C#m",
        "Em",
        "C#",
        "Gm",
        "D",
        "Gm",
        "C#m",
        "Gm",
        "A#",
        "D",
        "C#",
        "Fm",
        "C#",
        "C#m",
        "A#",
        "G",
        "C#m",
        "C#",
        "G#",
        "A#",
        "Gm",
        "A#",
        "Gm",
        "A#",
        "D#m",
        "C#m",
        "A#",
        "Gm",
        "A",
        "C#",
        "Gm",
        "A#",
        "C#",
        "A#",
        "Gm",
        "A#",
        "C#m",
        "Em",
        "Cm",
        "G#m",
        "C#m",
        "Em",
        "D",
        "Em",
        "Gm",
        "Cm",
        "A#",
        "C#",
        "A#",
        "Gm",
        "C#",
        "C",
        "Gm",
        "A#",
        "Fm",
        "A#",
        "Fm",
        "G#m",
        "A#",
        "C#m",
        "A#",
        "Gm",
        "A#",
        "C#m",
        "C#",
        "A#",
        "C#",
        "G#",
        "Fm",
        "G#",
        "Fm",
        "D",
        "A#",
        "A",
        "G",
        "A",
        "A#",
        "E",
        "A#",
        "C#",
        "Gm",
        "A#",
        "Gm",
        "C#",
        "A#",
        "C#m",
        "Bm",
        "A#",
        "G#",
        "A#",
        "Gm",
        "A#",
        "C#",
        "Gm",
        "Em",
        "C#m",
        "D#m",
        "Fm",
        "A#",
        "Gm",
        "A#",
        "C#",
        "A#",
        "Gm",
        "C#",
        "A#",
        "Gm",
        "A#",
        "Am",
        "G#m",
        "Bm",
        "G#m",
        "C#m",
        "D",
        "G#m",
        "C#m",
        "Em",
        "C#",
        "Em",
        "C#",
        "A#",
        "G#m",
        "Bm",
        "A",
        "Em",
        "Bm",
        "C#",
        "D",
        "A",
        "Cm",
        "C#",
        "A#",
        "Gm",
        "Em",
        "A#",
        "G#",
        "F",
        "C#m",
        "F#m",
        "C#m",
        "G#",
        "C#m",
        "A#m",
        "F#m",
        "C#m",
        "F",
        "D#m",
        "F",
        "D#m",
        "Am",
        "C#m",
        "Gm",
        "D",
        "Dm",
        "Cm"
    ],
    "chromagram_path": "/Users/blblackboyzeusackboyzeus/BBZ(AiArtist)/music_generator/Michelin Chef [fXxEqOINW8E]/visuals/chromagram.png",
    "waveform_path": "error",