{
    "duration": 133.848,
    "tempo": 107.14285714285714,
    "time_signature": "2/4",
    "key": "B major",
    "spectral_centroid": 1561.2518536595683,
    "spectral_bandwidth": 2671.1658631375158,
    "spectral_rolloff": 3340.8644364092756,
    "rms": 0.3160896599292755,
    "zero_crossing_rate": 0.02538974952560961,
    "mfcc": [
        -142.2680206298828,
        147.09083557128906,
        34.51836013793945,
        36.039512634277344,
        4.795335292816162,
        29.338361740112305,
        -3.4682705402374268,
        7.259876251220703,
        0.5099087953567505,
        9.170952796936035,
        7.719145774841309,
        0.6033671498298645,
        6.458719253540039
    ],
    "chroma": [
        0.5768418312072754,
        0.6217906475067139,
        0.6381180882453918,
        0.6866019368171692,
        0.5661464333534241,
        0.5196725130081177,
        0.5749240517616272,
        0.6266558170318604,
        0.6498032212257385,
        0.5731832981109619,
        0.5597032308578491,
        0.5683923363685608
    ],
    "spectral_contrast": [
        16.757471154459072,
        12.23475445987417,
        15.613972191987806,
        17.33504125842658,
        19.417284464881728,
        17.03421845566636,
        20.984791777875937
    ],
    "tonnetz": [
        -0.16760961786850362,
        -0.24759887361075966,
        -0.3114961511031339,
        0.023212430711471374,
        0.13603987468034398,
        -0.04959913825355969
    ],
    "chord_progression": [
        "C#",
        "C#m",
        "C#",
        "C#m",
        "C#",
        "C#m",
        "Em",
        "C#m",
        "C#",
        "C#m",
        "C#",
        "C#m",
        "C#",
        "C#m",
        "C#",
        "C#m",
        "C#",
        "C#m",
        "C#",
        "C#m",
        "Am",
        "C#",
        "C#m",
        "C#",
        "C#m",
        "Am",
        "C#m",
        "C#",
        "C#m",
        "C#",
        "C#m",
        "Gm",
        "C#",
        "Gm",
        "C#",
        "Gm",
        "C#m",
        "Gm",
        "C#",
        "Gm",
        "C#",
        "Gm",
        "C#",
        "Gm",
        "C#",
        "Gm",
        "C#m",
        "Gm",
        "C#",
        "Gm",
        "C#m",
        "Gm",
        "C#",
        "Gm",
        "C#m",
        "C#",
        "C#m",
        "C#",
        "C#m",
        "Am",
        "Gm",
        "Am",
        "C#",
        "C#m",
        "Am",
        "C#m",
        "Gm",
        "C#",
        "Gm",
        "C#m",
        "Gm",
        "C#",
        "Gm",
        "C#",
        "Gm",
        "C#",
        "Gm",
        "C#",
        "Gm",
        "C#",
        "Gm",
        "C#",
        "Gm",
        "C#",
        "Gm",
        "C#",
        "Gm",
        "C#",
        "Gm",
        "C#",
        "Gm",
        "C#m",
        "C#",
        "C#m",
        "C#",
        "Am",
        "C#m",
        "C#",
        "C#m",
        "C#",
        "C#m",
        "C#",
        "C#m",
        "Gm",
        "C#",
        "Gm",
        "C#",
        "Gm",
        "C#",
        "Gm",
        "C#m",
        "Gm",
        "C#",
        "Gm",
        "C#",
        "Gm",
        "C#",
        "Gm",
        "C#",
        "Gm",
        "C#",
        "Gm",
        "C#m",
        "Gm",
        "C#",
        "Gm",
        "C#m",
        "Gm",
        "C#m",
        "C#",
        "C#m",
        "C#",
        "C#m",
        "C#",
        "C#m",
        "C#",
        "C#m",
        "C#",
        "C#m",
        "C#",
        "C#m",
        "C#",
        "C#m",
        "C#",
        "C#m",
        "C#",
        "C#m",
        "C#",
        "C#m",
        "Em"
    ],
    "chromagram_path": "/Users/blblackboyzeusackboyzeus/BBZ(AiArtist)/music_generator/Disney 713 [tK-yvwgXvQw]/visuals/chromagram.png",
    "waveform_path": "error",
    "spectrogram_path": "visuals/spectrogram.png"
}