{
    "filename": "3peat [gq1eofElbwQ].wav",
    "bitrate": 1411200,
    "duration": 165.04800453514738,
    "sample_rate": 44100,
    "tempo": 0.0,
    "key": "C#",
    "spectral_centroid": 2992.070042279396,
    "spectral_bandwidth": 3666.2507865525813,
    "spectral_rolloff": 7096.172653942023,
    "rms": 0.17876645922660828,
    "zero_crossing_rate": 0.05268241118687135
}