{
    "duration": 135.00084375,
    "tempo": 129.31034482758622,
    "time_signature": "2/4",
    "key": "F# minor",
    "spectral_centroid": 2397.851064906208,
    "spectral_bandwidth": 3137.6000723408674,
    "spectral_rolloff": 5316.6349401516945,
    "rms": 0.23691293597221375,
    "zero_crossing_rate": 0.04080886641902702,
    "mfcc": [
        -169.55589294433594,
        101.40757751464844,
        -3.7773778438568115,
        31.038921356201172,
        16.85344886779785,
        21.34063148498535,
        1.108986735343933,
        9.728865623474121,
        4.356383800506592,
        5.933528900146484,
        5.614188194274902,
        8.342107772827148,
        7.414196014404297
    ],
    "chroma": [
        0.518207311630249,
        0.5426473617553711,
        0.5218263268470764,
        0.562720775604248,
        0.6585376262664795,
        0.6730672717094421,
        0.7339313626289368,
        0.655192494392395,
        0.6433500051498413,
        0.6043952107429504,
        0.5806460976600647,
        0.6296216249465942
    ],
    "spectral_contrast": [
        20.16716744036645,
        13.756668049687354,
        16.63242330288095,
        18.108910268000482,
        18.744238285102124,
        19.042681059080316,
        20.635594792761736
    ],
    "tonnetz": [
        -0.023017324711339403,
        -0.22235486220138193,
        -0.09282250228450885,
        -0.15542969642928647,
        0.03694272775998424,
        0.042457333313812635
    ],
    "chord_progression": [
        "Dm",
        "A",
        "F",
        "G#",
        "D#m",
        "C#m",
        "Am",
        "G",
        "C#",
        "A#",
        "F",
        "D",
        "Dm",
        "D",
        "A",
        "Dm",
        "C",
        "D#m",
        "Fm",
        "D#m",
        "F",
        "C#",
        "Am",
        "E",
        "Dm",
        "Am",
        "Dm",
        "C",
        "Am",
        "F",
        "Am",
        "Gm",
        "F",
        "D",
        "Gm",
        "G#",
        "D",
        "Gm",
        "F",
        "Gm",
        "A#",
        "Gm",
        "G#",
        "Gm",
        "A#",
        "D",
        "A#",
        "D",
        "C#m",
        "A#",
        "D",
        "D#m",
        "Gm",
        "A#",
        "D",
        "Gm",
        "A#",
        "Gm",
        "Em",
        "D",
        "Gm",
        "D",
        "Gm",
        "D",
        "Gm",
        "C#m",
        "Gm",
        "D",
        "Gm",
        "C#m",
        "Gm",
        "D",
        "Gm",
        "D#m",
        "A#",
        "Gm",
        "C#m",
        "Gm",
        "D",
        "Gm",
        "A#",
        "Gm",
        "C#m",
        "Gm",
        "D",
        "Gm",
        "D",
        "D#m",
        "Gm",
        "D#m",
        "A#",
        "Gm",
        "C#m",
        "C#",
        "C#m",
        "Gm",
        "D",
        "Gm",
        "A#",
        "C#m",
        "C#",
        "Gm",
        "D",
        "Gm",
        "A#",
        "Gm",
        "C#m",
        "Gm",
        "A#",
        "Gm",
        "D",
        "Gm",
        "D#m",
        "Gm",
        "D",
        "C#m",
        "C#",
        "Gm",
        "D",
        "Gm",
        "C#m",
        "Gm",
        "A#",
        "Gm",
        "D",
        "A#",
        "D",
        "Gm",
        "D",
        "C#m",
        "C#",
        "C#m",
        "Gm",
        "D",
        "D#m",
        "A#",
        "Gm",
        "D",
        "D#m",
        "Gm",
        "D",
        "Gm",
        "C#m",
        "Gm",
        "D",
        "A#",
        "Gm",
        "A#",
        "D#m",
        "D",
        "Gm",
        "D",
        "Gm",
        "C#m",
        "Em",
        "Gm",
        "D",
        "Gm",
        "D",
        "Gm",
        "D#m",
        "A#",
        "C#m",
        "Gm",
        "D",
        "Gm",
        "D",
        "Gm",
        "D#m",
        "A#",
        "C#m",
        "Gm",
        "C#m",
        "Gm",
        "D",
        "Gm",
        "C#m",
        "Gm",
        "C#m",
        "Gm",
        "D",
        "Gm",
        "C#m",
        "Gm",
        "C#m",
        "Gm",
        "D",
        "Gm",
        "C#m",
        "Gm",
        "D",
        "Gm",
        "D#m",
        "Gm",
        "D",
        "D#m",
        "Gm",
        "D#m",
        "Gm",
        "D",
        "C#m",
        "Gm",
        "D",
        "Gm",
        "C#m",
        "Gm",
        "D#m",
        "A#",
        "Gm",
        "D",
        "Gm",
        "D",
        "D#m",
        "A#",
        "C#m",
        "C#",
        "Gm",
        "D",
        "Gm",
        "D",
        "Gm",
        "C#m",
        "Gm",
        "D#m",
        "D",
        "Gm",
        "D",
        "Gm",
        "D#m",
        "A#",
        "Gm",
        "C#m",
        "Gm",
        "D",
        "Gm",
        "D",
        "Gm",
        "C#",
        "C#m",
        "Gm",
        "A#",
        "Gm",
        "A#",
        "D",
        "Gm",
        "D#m",
        "D",
        "C#",
        "C#m",
        "Gm",
        "A#",
        "Gm",
        "D",
        "Gm",
        "D#m",
        "Gm",
        "C#m",
        "Gm",
        "D",
        "Gm",
        "D",
        "Gm",
        "D",
        "C#m",
        "C#",
        "Gm",
        "D#m",
        "D",
        "Gm",
        "C#m",
        "Gm",
        "D",
        "D#m",
        "Gm",
        "D",
        "Gm",
        "D#m",
        "Gm",
        "C#m",
        "C#",
        "Gm",
        "D",
        "Gm",
        "C#m",
        "Gm",
        "D",
        "Gm",
        "C#m",
        "C#",
        "Gm",
        "D",
        "Gm",
        "C#m",
        "Gm",
        "D",
        "Gm",
        "D",
        "C#m"
    ],
    "chromagram_path": "/Users/blblackboyzeusackboyzeus/BBZ(AiArtist)/music_generator/05\u2019 Zuck [ZsOtqU3-HXs]/visuals/chromagram.png",
    "waveform_path": "error",
    "spectrogram_path": "visuals/spectrogram.png"
}