{
    "filename": "Full Circle [6LZokJkBVeI].wav",
    "bitrate": 1411200,
    "duration": 216.41907029478458,
    "sample_rate": 44100,
    "tempo": 0.0,
    "key": "D#",
    "spectral_centroid": 2763.1223106817906,
    "spectral_bandwidth": 3378.8046827404655,
    "spectral_rolloff": 5708.789337536378,
    "rms": 0.13908468186855316,
    "zero_crossing_rate": 0.05965015163148436
}