{
    "filename": "Thank God Im [sT0horz7Pk8].wav",
    "bitrate": 1411200,
    "duration": 181.71433106575964,
    "sample_rate": 44100,
    "tempo": 0.0,
    "key": "D",
    "spectral_centroid": 2605.7348933581716,
    "spectral_bandwidth": 3187.4851519677,
    "spectral_rolloff": 5342.486473997931,
    "rms": 0.06227817386388779,
    "zero_crossing_rate": 0.05028488896187388
}