{
    "filename": "Patronus Charm (Bonus) [o5oH_tt6sB0].wav",
    "bitrate": 1411200,
    "duration": 161.40047619047618,
    "sample_rate": 44100,
    "tempo": 0.0,
    "key": "A#",
    "spectral_centroid": 3210.0385868061317,
    "spectral_bandwidth": 3601.301016232655,
    "spectral_rolloff": 6682.458311697507,
    "rms": 0.21766114234924316,
    "zero_crossing_rate": 0.06077682589510502
}