{
    "filename": "StarLight ~ by POTUS\uff1a A Rendition [dQX8wPXuBH4].wav",
    "bitrate": 1411200,
    "duration": 209.36274376417234,
    "sample_rate": 44100,
    "tempo": 0.0,
    "key": "D#",
    "spectral_centroid": 2369.0537817460877,
    "spectral_bandwidth": 2767.39997035867,
    "spectral_rolloff": 4917.77809991717,
    "rms": 0.13835811614990234,
    "zero_crossing_rate": 0.05526488702762837
}