{
    "duration": 280.05878125,
    "tempo": 133.92857142857142,
    "time_signature": "2/4",
    "key": "C# major",
    "spectral_centroid": 2234.768775006255,
    "spectral_bandwidth": 2873.5965294244534,
    "spectral_rolloff": 5129.01069041362,
    "rms": 0.27874141931533813,
    "zero_crossing_rate": 0.046119954947797644,
    "mfcc": [
        -148.06039428710938,
        121.49081420898438,
        43.363128662109375,
        44.64759063720703,
        5.696627140045166,
        20.416250228881836,
        -14.490132331848145,
        2.731293201446533,
        -0.39516904950141907,
        0.007083164062350988,
        1.2268049716949463,
        8.69658374786377,
        -0.8498716354370117
    ],
    "chroma": [
        0.5714525580406189,
        0.5529457926750183,
        0.4520428776741028,
        0.4454212486743927,
        0.47180649638175964,
        0.4467501938343048,
        0.5219192504882812,
        0.4418516457080841,
        0.4908733367919922,
        0.5853605270385742,
        0.5607531070709229,
        0.6586884260177612
    ],
    "spectral_contrast": [
        19.658920539492357,
        11.367739516321812,
        18.10817695389387,
        20.053892793493542,
        18.42769559286586,
        18.181124764695987,
        21.704351502680918
    ],
    "tonnetz": [
        0.04824268408588572,
        -0.16794775614601481,
        0.053304351600878985,
        0.0012233527218958875,
        -0.041734527587942,
        0.011881086342367666
    ],
    "chord_progression": [
        "C",
        "Fm",
        "A#",
        "Fm",
        "A#",
        "Gm",
        "C#",
        "Em",
        "D",
        "Gm",
        "Cm",
        "A#",
        "Fm",
        "A#",
        "Cm",
        "C#",
        "Em",
        "C#",
        "Gm",
        "Em",
        "Bm",
        "E",
        "G#m",
        "F#m",
        "G#m",
        "E",
        "A#",
        "Em",
        "C#",
        "Em",
        "D",
        "Gm",
        "Cm",
        "A#",
        "C#",
        "Gm",
        "C#",
        "Em",
        "Bm",
        "G#m",
        "F#m",
        "G#m",
        "G",
        "E",
        "A#m",
        "A#",
        "D#m",
        "Dm",
        "Bm",
        "A#m",
        "C#m",
        "Gm",
        "A#",
        "Gm",
        "D",
        "A#",
        "D",
        "Dm",
        "Em",
        "C#m",
        "Fm",
        "C#",
        "D",
        "Gm",
        "D",
        "G",
        "A#",
        "Gm",
        "C",
        "Gm",
        "D",
        "Em",
        "D#m",
        "D",
        "D#m",
        "D",
        "A#",
        "D",
        "C",
        "Cm",
        "G#",
        "A",
        "C#",
        "G",
        "A#",
        "Gm",
        "D",
        "A#",
        "D",
        "C#",
        "Gm",
        "D",
        "A#",
        "C#",
        "Dm",
        "A#",
        "Em",
        "C#m",
        "C#",
        "C#m",
        "C#",
        "D",
        "D#m",
        "D",
        "G",
        "C",
        "A#",
        "C#",
        "A#",
        "C",
        "C#",
        "A#",
        "Gm",
        "Em",
        "Gm",
        "D",
        "A#",
        "D",
        "A#",
        "Em",
        "C#m",
        "Em",
        "G",
        "D",
        "G",
        "A#",
        "D",
        "A#",
        "D",
        "A#",
        "Gm",
        "C#m",
        "A#",
        "D",
        "A#",
        "D",
        "Em",
        "A#",
        "G#",
        "A#",
        "C#m",
        "Am",
        "C#",
        "D",
        "Gm",
        "D",
        "G",
        "A#",
        "C#",
        "A#",
        "Gm",
        "D",
        "Gm",
        "D",
        "A#",
        "F",
        "D",
        "A#",
        "C#",
        "C#m",
        "Gm",
        "A#",
        "Gm",
        "Em",
        "C#",
        "G",
        "C",
        "A#",
        "D",
        "Gm",
        "C#",
        "Gm",
        "D",
        "A#",
        "C",
        "Dm",
        "C#",
        "Em",
        "C#m",
        "A#",
        "C#m",
        "A",
        "Em",
        "D",
        "D#m",
        "D",
        "G",
        "A#",
        "D",
        "Gm",
        "Em",
        "Gm",
        "Bm",
        "D",
        "A#",
        "F",
        "D",
        "A#",
        "Em",
        "C#",
        "Em",
        "C#m",
        "Em",
        "C#",
        "A#",
        "Am",
        "C#",
        "Em",
        "D",
        "Gm",
        "C",
        "A#",
        "Fm",
        "A#",
        "Em",
        "C#",
        "Em",
        "C#m",
        "G#m",
        "A#",
        "Fm",
        "A#",
        "Fm",
        "A#",
        "Gm",
        "Am",
        "C#",
        "Em",
        "C#",
        "Em",
        "Gm",
        "A#",
        "G#",
        "C#",
        "Em",
        "F#m",
        "G#m",
        "E",
        "C",
        "G",
        "A#",
        "Em",
        "D",
        "A#",
        "Gm",
        "A#",
        "Cm",
        "A#",
        "D",
        "A#",
        "D",
        "Em",
        "C#",
        "Em",
        "A#",
        "C#m",
        "C",
        "A#",
        "C#",
        "D",
        "Gm",
        "A#",
        "G",
        "A#",
        "Gm",
        "C#",
        "Gm",
        "A#",
        "Fm",
        "D",
        "A#",
        "D",
        "C#",
        "D",
        "A#",
        "D",
        "A#",
        "Fm",
        "Bm",
        "D",
        "C#",
        "G",
        "A#",
        "G",
        "A#",
        "D",
        "C",
        "D",
        "A#",
        "D",
        "A",
        "C#",
        "D",
        "Gm",
        "D",
        "A#",
        "Dm",
        "A#",
        "G#",
        "A#",
        "Gm",
        "Am",
        "E",
        "C#m",
        "Em",
        "C#",
        "D",
        "G",
        "A#",
        "Gm",
        "C#m",
        "D",
        "Gm",
        "F#m",
        "D",
        "C#",
        "A#",
        "C#",
        "Gm",
        "D",
        "Gm",
        "A#",
        "C#",
        "C#m",
        "Fm",
        "A",
        "D#m",
        "G",
        "A#",
        "Fm",
        "A#",
        "Gm",
        "D",
        "Em",
        "C#",
        "A#",
        "Gm",
        "D",
        "Gm",
        "A#",
        "G",
        "Em",
        "C#",
        "Gm",
        "D",
        "F#m",
        "G#m",
        "F#m",
        "C",
        "A#",
        "Gm",
        "C#",
        "Em",
        "A#",
        "Gm",
        "D",
        "A#",
        "D",
        "A#",
        "C",
        "A#",
        "G",
        "Em",
        "C#",
        "Gm",
        "D",
        "F#m",
        "G#m",
        "Fm",
        "A#",
        "G#",
        "Gm",
        "Am",
        "C#",
        "Em",
        "Am",
        "Em",
        "A#",
        "Gm",
        "D",
        "Gm",
        "A#",
        "G#",
        "C#",
        "Em",
        "C#",
        "Em",
        "F#m",
        "G#m",
        "F#m",
        "G#m",
        "E",
        "Fm",
        "A#",
        "C#",
        "Em",
        "C#",
        "Gm",
        "A#",
        "Gm",
        "A#",
        "Cm",
        "A#",
        "C#m",
        "C#",
        "C#m",
        "Em",
        "A",
        "G#m",
        "E",
        "G",
        "A#",
        "Fm",
        "A#",
        "Fm",
        "A#",
        "Gm",
        "Em",
        "F",
        "A#",
        "D",
        "Gm",
        "D",
        "A#",
        "Fm",
        "G",
        "Em",
        "C#",
        "Gm",
        "D",
        "E",
        "G#m",
        "D",
        "C",
        "A#",
        "Fm",
        "A#",
        "Gm",
        "C#",
        "C#m",
        "C#",
        "C#m",
        "C#",
        "Em",
        "Gm",
        "A#",
        "D",
        "Gm",
        "D",
        "A#",
        "Gm",
        "C#",
        "Gm",
        "D",
        "F#m",
        "G#m",
        "F#m",
        "G",
        "A#",
        "G#",
        "Fm",
        "A#",
        "D",
        "Gm",
        "Em",
        "C#",
