{
    "duration": 274.227125,
    "tempo": 117.1875,
    "time_signature": "2/4",
    "key": "D# major",
    "spectral_centroid": 3478.687726258444,
    "spectral_bandwidth": 3987.587277964725,
    "spectral_rolloff": 7992.0106476079345,
    "rms": 0.11311186105012894,
    "zero_crossing_rate": 0.08766759385027713,
    "mfcc": [
        -173.4600372314453,
        89.51817321777344,
        17.834394454956055,
        18.024742126464844,
        11.482624053955078,
        9.323663711547852,
        1.4409785270690918,
        7.50390100479126,
        -1.891194224357605,
        7.4974188804626465,
        1.8318239450454712,
        2.8424956798553467,
        2.0748469829559326
    ],
    "chroma": [
        0.40028560161590576,
        0.4387907087802887,
        0.45152604579925537,
        0.4889025092124939,
        0.4771353006362915,
        0.4715740382671356,
        0.4678606688976288,
        0.48669999837875366,
        0.5202162265777588,
        0.5015655755996704,
        0.5209676027297974,
        0.4601573646068573
    ],
    "spectral_contrast": [
        16.95479167727636,
        13.09977868104263,
        16.154336748164976,
        18.092410022028098,
        17.949045991868726,
        17.650136172417717,
        17.757988617762795
    ],
    "tonnetz": [
        0.03310983074081597,
        -0.01176023227564802,
        -0.003961958613924799,
        0.011391908379897571,
        0.014011031193132236,
        -0.006637746159801238
    ],
    "chord_progression": [
        "C#",
        "Gm",
        "C#",
        "Gm",
        "C#",
        "D#",
        "Am",
        "D#",
        "Gm",
        "Em",
        "D",
        "Gm",
        "C#m",
        "G#",
        "Gm",
        "Am",
        "C#",
        "Gm",
        "C#m",
        "D#",
        "Am",
        "D#",
        "C#",
        "Gm",
        "C#",
        "Gm",
        "C#",
        "D#",
        "Dm",
        "Am",
        "D#",
        "D",
        "Dm",
        "D",
        "Gm",
        "C#",
        "G#",
        "Gm",
        "C",
        "C#",
        "Gm",
        "D#",
        "C#",
        "Gm",
        "C#",
        "Gm",
        "Em",
        "C#",
        "D#",
        "Am",
        "Dm",
        "Am",
        "D#",
        "Gm",
        "A#m",
        "G#",
        "Dm",
        "D#",
        "Gm",
        "C#",
        "Gm",
        "D#",
        "C#",
        "Gm",
        "C#m",
        "Am",
        "D#",
        "C#m",
        "D#",
        "Gm",
        "G#m",
        "D#m",
        "G#m",
        "Gm",
        "G#m",
        "D#m",
        "G#m",
        "D#m",
        "G#m",
        "D#m",
        "G#m",
        "F#m",
        "D#m",
        "D",
        "Gm",
        "C#",
        "Gm",
        "C#",
        "Am",
        "C#",
        "D#",
        "G#m",
        "C#",
        "G#m",
        "C#",
        "A#m",
        "C#",
        "Em",
        "C#",
        "D",
        "D#m",
        "Gm",
        "D#m",
        "F",
        "G#m",
        "D#",
        "G#m",
        "D#m",
        "Gm",
        "D#m",
        "G#m",
        "D#",
        "D#m",
        "D#",
        "G#",
        "C#",
        "A#m",
        "C#",
        "Gm",
        "Am",
        "C#",
        "G#m",
        "C#",
        "G#m",
        "D#",
        "G#m",
        "C#",
        "G#m",
        "D#",
        "C#",
        "G#m",
        "C#",
        "D#",
        "D#m",
        "G#m",
        "C#",
        "G#m",
        "D#",
        "G#m",
        "D#",
        "G#m",
        "D#",
        "G#m",
        "Gm",
        "C#",
        "G#m",
        "C#",
        "Gm",
        "C#",
        "A#m",
        "D#",
        "C#",
        "D#",
        "C#",
        "G#m",
        "A#m",
        "D#",
        "D",
        "G#m",
        "C",
        "D#",
        "G#m",
        "C#",
        "G#m",
        "C#",
        "A#m",
        "D#",
        "G#m",
        "F#m",
        "D#",
        "Gm",
        "Am",
        "Gm",
        "C#",
        "D#",
        "A#m",
        "Em",
        "C#",
        "A#m",
        "C#",
        "F#m",
        "D#",
        "C#",
        "C#m",
        "D",
        "A#m",
        "D",
        "C#",
        "Gm",
        "C#",
        "Gm",
        "C#",
        "D#",
        "Am",
        "D#",
        "G",
        "Am",
        "D#",
        "G#m",
        "Gm",
        "Dm",
        "D",
        "C#",
        "Gm",
        "C#",
        "G#",
        "Gm",
        "A#m",
        "Gm",
        "C#",
        "Gm",
        "C#",
        "C#m",
        "D#",
        "Em",
        "D#",
        "D#m",
        "D#",
        "C#",
        "Gm",
        "C#",
        "D#",
        "Gm",
        "C#m",
        "C#",
        "Am",
        "G",
        "D#",
        "Am",
        "Gm",
        "D",
        "Dm",
        "D",
        "Gm",
        "Am",
        "C#",
        "G#",
        "Gm",
        "C#",
        "Gm",
        "C#",
        "Gm",
        "C#m",
        "Am",
        "D#",
        "Gm",
        "D#",
        "C#",
        "Gm",
        "C#",
        "Gm",
        "C#",
        "Am",
        "D#",
        "G",
        "Am",
        "Gm",
        "C#",
        "Dm",
        "D#",
        "Gm",
        "D#",
        "Gm",
        "Am",
        "C#",
        "Gm",
        "C#m",
        "Am",
        "D#",
        "Gm",
        "D#",
        "C#",
        "Gm",
        "C#",
        "D#",
        "Gm",
        "C#",
        "Am",
        "D#",
        "Dm",
        "Am",
        "Gm",
        "C#",
        "G",
        "D",
        "D#",
        "Gm",
        "D#",
        "G#",
        "Gm",
        "D#",
        "C#",
        "Gm",
        "D",
        "C#m",
        "Am",
        "Em",
        "D#",
        "Gm",
        "D#",
        "D#m",
        "Cm",
        "C",
        "Am",
        "C#",
        "Em",
        "C#m",
        "Bm",
        "F#m",
        "C#m",
        "Dm",
        "G#",
        "A",
        "Dm",
        "F",
        "A",
        "Dm",
        "A",
        "Bm",
        "A",
        "C#m",
        "Bm",
        "Dm",
        "Bm",
        "Dm",
        "G#",
        "Dm",
        "G#",
        "A",
        "Dm",
        "A",
        "Dm",
        "C",
        "Cm",
        "A",
        "Bm",
        "D",
        "A",
        "Fm",
        "G#",
        "Fm",
        "G#",
        "C#m",
        "Bm",
        "C",
        "G#",
        "D",
        "Dm",
        "G#",
        "A",
        "Dm",
        "Bm",
        "A",
        "Cm",
        "C",
        "Fm",
        "Cm",
        "C",
        "A",
        "Bm",
        "Em",
        "C#m",
        "Bm",
        "Dm",
        "C#m",
        "C",
        "G#",
        "G",
        "C",
        "G#",
        "Dm",
        "C#m",
        "Cm",
        "Dm",
        "G",
        "Cm",
        "Fm",
        "D",
        "Bm",
        "A",
        "C",
        "Dm",
        "Fm",
        "F#m",
        "Dm",
        "C#m",
        "Bm",
        "C",
        "Dm",
        "D",
        "G#",
        "Cm",
        "G#",
        "Dm",
        "G#",
        "Cm",
        "C",
        "Cm",
        "D",
        "Em",
        "Bm",
        "Em",
        "C#m",
        "Bm",
        "D",
        "Bm",
        "A#m",
        "Dm",
        "C#m",
        "C",
        "G#",
        "Cm",
        "G#",
        "Dm",
        "C#m",
        "A#m",
        "G#",
        "Dm",
        "G#",
        "Cm",
        "Fm",
        "D",
        "Em",
        "Bm",
        "A",
        "Fm",
        "G#",
        "Bm",
        "C",
        "Dm",
        "D",
        "G#",
        "Cm",
        "C",
        "Dm",
        "G#",
        "C",
        "Cm",
        "C",
        "Fm",
        "D",
        "Em",
        "D",
        "Em",
        "C#m",
        "Bm",
        "A#m",
        "Dm",
        "Bm",
        "Dm",
        "G#",
        "Cm",
        "C",
        "G#",
        "Dm",
        "Bm",
        "C#m",
        "Dm",
        "A",
        "Cm",
        "A",
