{
    "duration": 165.048,
    "tempo": 163.04347826086956,
    "time_signature": "2/4",
    "key": "E minor",
    "spectral_centroid": 2782.956075192743,
    "spectral_bandwidth": 3424.0364311785233,
    "spectral_rolloff": 6653.756906746801,
    "rms": 0.1819927841424942,
    "zero_crossing_rate": 0.06249555075247189,
    "mfcc": [
        -115.95935821533203,
        110.01251983642578,
        17.167282104492188,
        36.37651824951172,
        12.269433975219727,
        23.00308609008789,
        -17.307558059692383,
        11.487069129943848,
        0.015512088313698769,
        7.188055992126465,
        -2.123427152633667,
        -1.768155574798584,
        2.2272348403930664
    ],
    "chroma": [
        0.4576556980609894,
        0.557110071182251,
        0.4636390507221222,
        0.5095363259315491,
        0.39438775181770325,
        0.3956460952758789,
        0.45360803604125977,
        0.4255259037017822,
        0.504899263381958,
        0.4364452064037323,
        0.5053629875183105,
        0.5073530673980713
    ],
    "spectral_contrast": [
        16.981882486975294,
        13.280912160136003,
        17.17655335233924,
        18.09239950095469,
        18.506870500452614,
        17.58833983003013,
        21.99901987217809
    ],
    "tonnetz": [
        -0.052389430234002665,
        -0.10672150409104207,
        0.00697574313390905,
        0.03712170911234589,
        0.0005357143697539315,
        -0.009688724835802116
    ],
    "chord_progression": [
        "D#m",
        "D",
        "D#m",
        "C",
        "F#m",
        "G#m",
        "F#m",
        "G#m",
        "D#m",
        "G#m",
        "Gm",
        "G#m",
        "D#m",
        "Gm",
        "D#m",
        "Gm",
        "G#m",
        "Gm",
        "D#",
        "A",
        "A#",
        "Fm",
        "A#",
        "C#m",
        "F#m",
        "A#",
        "F#m",
        "E",
        "Gm",
        "Fm",
        "A#",
        "G#m",
        "C#m",
        "A#",
        "Am",
        "C#m",
        "A#",
        "Fm",
        "G#",
        "E",
        "G#m",
        "D#m",
        "F#m",
        "G#m",
        "Gm",
        "G#m",
        "C#m",
        "D#m",
        "Gm",
        "G#m",
        "Gm",
        "C#m",
        "Fm",
        "D#m",
        "A#",
        "Fm",
        "Cm",
        "C#m",
        "F#m",
        "Gm",
        "D#m",
        "Fm",
        "Em",
        "Bm",
        "D",
        "Bm",
        "D#",
        "Bm",
        "Dm",
        "C#m",
        "F#m",
        "G#m",
        "Gm",
        "E",
        "G#m",
        "Gm",
        "G#m",
        "Fm",
        "Gm",
        "A#",
        "Gm",
        "D#m",
        "C#m",
        "Gm",
        "D#",
        "Cm",
        "A",
        "A#",
        "Gm",
        "C#m",
        "F#m",
        "C#m",
        "D#",
        "Am",
        "C",
        "Fm",
        "Gm",
        "Fm",
        "G#m",
        "C#m",
        "Fm",
        "A#",
        "Am",
        "C#m",
        "Fm",
        "C#m",
        "G#m",
        "C#",
        "G#m",
        "C#",
        "G#m",
        "Gm",
        "G#m",
        "D#m",
        "Gm",
        "A#",
        "Gm",
        "A#",
        "D#m",
        "G#m",
        "Gm",
        "A#",
        "Gm",
        "C#m",
        "F#m",
        "D#m",
        "D#",
        "C",
        "G#",
        "Fm",
        "Gm",
        "G#m",
        "C#m",
        "Em",
        "A#",
        "D#",
        "C#m",
        "Dm",
        "G#m",
        "A#",
        "Fm",
        "G#",
        "G#m",
        "C#",
        "G#m",
        "C#",
        "D",
        "D#m",
        "A#",
        "Gm",
        "A#",
        "Fm",
        "Gm",
        "Fm",
        "A#",
        "Gm",
        "A#",
        "C#m",
        "G#m",
        "Cm",
        "Am",
        "C#m",
        "F#m",
        "C#m",
        "F#m",
        "D#m",
        "A",
        "D#",
        "Fm",
        "A#",
        "Am",
        "G#m",
        "Gm",
        "Am",
        "C#",
        "Gm",
        "C#",
        "A#",
        "Gm",
        "Am",
        "A#",
        "Gm",
        "C#",
        "G#m",
        "C#",
        "Gm",
        "E",
        "G#m",
        "D",
        "Gm",
        "G#m",
        "D#m",
        "Gm",
        "D#m",
        "Gm",
        "D",
        "D#m",
        "Gm",
        "Am",
        "Fm",
        "Am",
        "A",
        "A#",
        "Fm",
        "C#m",
        "F#m",
        "C#m",
        "Am",
        "C",
        "D#",
        "C#",
        "Fm",
        "G#",
        "Fm",
        "C#m",
        "G#m",
        "D#m",
        "G#m",
        "C#m",
        "Am",
        "Fm",
        "A#",
        "Gm",
        "C#m",
        "Am",
        "A#",
        "G#",
        "C#m",
        "E",
        "G#m",
        "Gm",
        "D#",
        "G#m",
        "Gm",
        "G#m",
        "Gm",
        "D#m",
        "Gm",
        "G#m",
        "Gm",
        "D#",
        "C#m",
        "Gm",
        "A#",
        "Fm",
        "C#m",
        "F#m",
        "Bm",
        "F#m",
        "Gm",
        "Am",
        "C",
        "Fm",
        "A#",
        "G#m",
        "C#m",
        "Gm",
        "A#",
        "Gm",
        "D",
        "Gm",
        "A#",
        "Fm",
        "C#m",
        "G#m",
        "C#",
        "E",
        "G#m",
        "Gm",
        "G#m",
        "D#m",
        "Gm",
        "D#m",
        "G#m",
        "C#m",
        "Gm",
        "D#",
        "C#m",
        "A#",
        "Gm",
        "C#m",
        "F#m",
        "Bm",
        "F#m",
        "D#m",
        "F",
        "D#m",
        "C",
        "Fm",
        "A#",
        "G#m",
        "C#m",
        "A#",
        "Gm",
        "Am",
        "C#m",
        "A",
        "A#",
        "Am",
        "C#m",
        "G#m",
        "G",
        "G#m",
        "C#",
        "D",
        "D#m",
        "A#",
        "Gm",
        "A#",
        "Gm",
        "Fm",
        "Am",
        "C#m",
        "G#m",
        "Fm",
        "A#",
        "Am",
        "C#m",
        "A",
        "C#m",
        "C",
        "C#",
        "A#",
        "F",
        "A#",
        "G#m",
        "D#m",
        "Am",
        "C#m",
        "Gm",
        "C#m",
        "C#",
        "Em",
        "F",
        "A#",
        "E",
        "G#m",
        "D#",
        "E",
        "G#m",
        "F#m",
        "C#",
        "Gm",
        "G#m",
        "D#m",
        "Gm",
        "D#m",
        "Gm",
        "D#m",
        "F#m",
        "Am",
        "Gm",
        "D#",
        "Cm",
        "A",
        "G",
        "A#",
        "Em",
        "C#m",
        "D#",
        "C",
        "Fm",
        "C#",
        "G#",
        "G#m",
        "D#",
        "G#m",
        "C#m",
        "Gm",
        "C#m",
        "G#",
        "Gm",
        "Am",
        "C#m",
        "Am",
        "A#",
        "Fm",
        "G#",
        "Gm",
        "E",
        "G#m",
        "Gm",
        "D#",
        "F",
        "G#m",
        "Gm",
        "G#m",
        "D#m",
        "Gm",
        "D#m",
        "Gm",
        "G#m",
        "Gm",
        "D#",
        "C#m",
        "Fm",
        "A#",
        "Gm",
        "Am",
        "C#m",
        "F#m",
        "C#m",
        "G#m",
        "C#m",
        "Am",
        "C#m",
        "C",
        "D#",
        "Fm",
        "Gm",
        "D#m",
        "Fm",
        "C#m",
        "Fm",
        "Gm",
        "Am",
        "C#m",
        "A#",
        "Fm",
        "C#m",
        "Am",
        "C#m",
        "G#m",
        "C#m",
        "G#m",
        "C#m",
        "G#m",
        "Gm",
        "G#m",
        "D#",
        "D#m",
        "Gm",
        "A#",
        "Gm",
        "A#",
        "G#m",
        "D#",
        "Gm",
        "Fm",
        "Gm",
        "Fm",
        "C#m",
        "F#m",
        "D#",
        "D#m",
        "F#m",
        "A#",
        "Em",
        "Bm",
        "Em",
        "Bm",
        "G#m",
        "Em",
