{
    "filename": "3peat [icokPtJYGI0].wav",
    "bitrate": 1411200,
    "duration": 165.04802721088436,
    "sample_rate": 44100,
    "tempo": 0.0,
    "key": "C#",
    "spectral_centroid": 3402.6304328574656,
    "spectral_bandwidth": 3997.6407259832104,
    "spectral_rolloff": 7937.859323070532,
    "rms": 0.2882772982120514,
    "zero_crossing_rate": 0.060460428920922134
}