{
    "duration": 181.71434375,
    "tempo": 138.88888888888889,
    "time_signature": "2/4",
    "key": "F minor",
    "spectral_centroid": 2512.6426172066413,
    "spectral_bandwidth": 2944.816078525588,
    "spectral_rolloff": 5204.101734460292,
    "rms": 0.06291839480400085,
    "zero_crossing_rate": 0.06537440226602395,
    "mfcc": [
        -238.112060546875,
        120.09769439697266,
        -3.0160670280456543,
        26.586965560913086,
        8.904403686523438,
        16.62086296081543,
        -6.976935386657715,
        10.204296112060547,
        -5.912099361419678,
        -1.3760589361190796,
        -2.230088233947754,
        1.0463755130767822,
        -2.79761004447937
    ],
    "chroma": [
        0.5086930394172668,
        0.5008481740951538,
        0.5818018317222595,
        0.5105406641960144,
        0.3904880881309509,
        0.38935306668281555,
        0.45427611470222473,
        0.512468695640564,
        0.4621025323867798,
        0.3973850905895233,
        0.388558566570282,
        0.4417886435985565
    ],
    "spectral_contrast": [
        18.606432421314935,
        13.500913904838054,
        16.17424187078521,
        16.462083193134344,
        16.61230175784634,
        17.66632580301729,
        22.19973074732604
    ],
    "tonnetz": [
        -0.011520598921167037,
        0.062451998322603154,
        0.0204407689844634,
        0.010215494241371817,
        -0.007231788789764545,
        0.008277535728950689
    ],
    "chord_progression": [],
    "chromagram_path": "/Users/blblackboyzeusackboyzeus/BBZ(AiArtist)/music_generator/Thank God Im [sT0horz7Pk8]/visuals/chromagram.png",
    "waveform_path": "error",
    "spectrogram_path": "visuals/spectrogram.png"
}