{
    "duration": 178.90909375,
    "tempo": 110.29411764705883,
    "time_signature": "4/4",
    "key": "G minor",
    "spectral_centroid": 1941.9180829724428,
    "spectral_bandwidth": 2741.510843109948,
    "spectral_rolloff": 4247.100529869433,
    "rms": 0.21798530220985413,
    "zero_crossing_rate": 0.03629961936594527,
    "mfcc": [
        -190.52490234375,
        132.1513214111328,
        30.22492027282715,
        17.75031852722168,
        7.416121959686279,
        18.080923080444336,
        5.260656833648682,
        3.672974109649658,
        -6.842688083648682,
        8.027298927307129,
        -1.9333394765853882,
        -1.3325166702270508,
        2.4504637718200684
    ],
    "chroma": [
        0.4962955713272095,
        0.41407880187034607,
        0.39654189348220825,
        0.4155537188053131,
        0.5004847645759583,
        0.6637636423110962,
        0.7195277810096741,
        0.7452746629714966,
        0.615869402885437,
        0.49756553769111633,
        0.5019994974136353,
        0.49968865513801575
    ],
    "spectral_contrast": [
        20.910452432635616,
        12.640789856490917,
        16.053095098852097,
        16.083496150578238,
        19.050895176339903,
        18.46607101373623,
        19.14641038230944
    ],
    "tonnetz": [
        -0.006614590721803035,
        0.09977606508532436,
        -0.04951237861434752,
        0.14535157606986482,
        0.002890984529872028,
        -0.030484734332315966
    ],
    "chord_progression": [
        "G",
        "Cm",
        "G#m",
        "G",
        "C",
        "D#",
        "G#m",
        "G",
        "C",
        "Cm",
        "G#m",
        "C#",
        "G",
        "C",
        "D#",
        "G#m",
        "G",
        "Gm",
        "C#",
        "C",
        "G",
        "Em",
        "C#",
        "G",
        "D#",
        "Cm",
        "D#",
        "G#m",
        "G",
        "Gm",
        "C",
        "G",
        "Gm",
        "G",
        "Cm",
        "G#",
        "C",
        "D#",
        "G#m",
        "G",
        "Gm",
        "C#",
        "G",
        "A#",
        "G",
        "C",
        "G",
        "A#",
        "G",
        "C#",
        "G#",
        "C",
        "Cm",
        "D#",
        "C#",
        "G",
        "C",
        "G",
        "Gm",
        "C",
        "C#",
        "G#",
        "G",
        "Fm",
        "G",
        "Dm",
        "G",
        "Dm",
        "G",
        "A#",
        "D#",
        "G",
        "C",
        "D#",
        "G#m",
        "Dm",
        "G",
        "D#",
        "Dm",
        "G",
        "C",
        "G",
        "C",
        "G",
        "Dm",
        "A#m",
        "G",
        "C",
        "G",
        "Cm",
        "G#m",
        "Dm",
        "G",
        "Em",
        "Cm",
        "C",
        "G",
        "C",
        "Am",
        "C",
        "Dm",
        "Cm",
        "A#m",
        "G#",
        "C",
        "D#",
        "D#m",
        "G#m",
        "Dm",
        "G",
        "Dm",
        "A#m",
        "C",
        "G",
        "C#",
        "G",
        "C",
        "C#",
        "G",
        "C#",
        "Dm",
        "Cm",
        "G",
        "Cm",
        "G#",
        "Dm",
        "G",
        "C",
        "Cm",
        "C",
        "G",
        "Am",
        "A#",
        "D#m",
        "Dm",
        "Cm",
        "Fm",
        "Cm",
        "G",
        "C#",
        "Cm",
        "C",
        "D#",
        "G#m",
        "D#m",
        "Am",
        "Dm",
        "G",
        "C",
        "Cm",
        "G",
        "C#",
        "C",
        "C#",
        "Dm",
        "D#m",
        "Dm",
        "Cm",
        "C",
        "G",
        "C",
        "Cm",
        "G#m",
        "Dm",
        "Am",
        "G",
        "C#",
        "C",
        "G",
        "Am",
        "G",
        "Am",
        "Dm",
        "C#",
        "Dm",
        "G",
        "C",
        "D#",
        "G#m",
        "D#m",
        "Dm",
        "C#",
        "Cm",
        "G",
        "Cm",
        "Dm",
        "G",
        "Dm",
        "Cm",
        "Dm",
        "G",
        "Cm",
        "G#m",
        "Dm",
        "C#",
        "Am",
        "C#",
        "C",
        "G",
        "A#",
        "G",
        "Dm",
        "C#m",
        "D#",
        "Dm",
        "C#",
        "C",
        "G",
        "D#",
        "E",
        "Dm",
        "C#",
        "G",
        "F#m",
        "A#m",
        "D#m",
        "C#m",
        "Dm",
        "Am",
        "G",
        "F#m",
        "C",
        "F#m",
        "Dm",
        "C#",
        "F#m",
        "Bm",
        "F#m",
        "Cm",
        "A#m",
        "D#m",
        "Cm",
        "A#m",
        "D#m",
        "F",
        "D#m",
        "C#m",
        "Dm",
        "Am",
        "C#",
        "F#m",
        "Bm",
        "F#m",
        "A#m",
        "D#m",
        "G#m",
        "D#",
        "A#m",
        "D#m",
        "D#",
        "A#m",
        "Cm",
        "G#m",
        "G",
        "C",
        "G",
        "Gm",
        "C#",
        "G",
        "G#",
        "A#m",
        "C",
        "Dm",
        "G",
        "Am",
        "F#m",
        "C",
        "F#m",
        "Bm",
        "A#m",
        "Cm",
        "C",
        "Dm",
        "G",
        "F#m",
        "C",
        "F#m",
        "Dm",
        "C#",
        "F#m",
        "C",
        "C#m",
        "Am",
        "Dm",
        "C#",
        "G",
        "F#m",
        "C",
        "F#m",
        "Dm",
        "G",
        "F#m",
        "Bm",
        "A#m",
        "C#m",
        "Dm",
        "G",
        "F#m",
        "C",
        "F#m",
        "Dm",
        "G",
        "F#m",
        "Bm",
        "A#m",
        "Cm",
        "D#",
        "E",
        "Dm",
        "F#m",
        "Bm",
        "A#m",
        "C#m",
        "Dm",
        "G",
        "F#m",
        "C",
        "F#m",
        "Dm",
        "G",
        "F#m",
        "Bm",
        "C#m",
        "Dm",
        "G",
        "F#m",
        "C",
        "F#m",
        "Dm",
        "G",
        "Dm",
        "F#m",
        "Bm",
        "F#m",
        "Bm",
        "A#m",
        "C#m",
        "Dm",
        "G",
        "F#m",
        "Dm",
        "G",
        "Bm",
        "C#m",
        "Dm",
        "G",
        "Dm",
        "C",
        "F#m",
        "Bm",
        "F#m",
        "A#m",
        "G#m",
        "A#m",
        "G#m",
        "A#m",
        "G#m",
        "A#m",
        "C#m",
        "Dm",
        "C#",
        "Dm",
        "G",
        "Dm",
        "C#",
        "Bm",
        "C",
        "F#m",
        "C#m",
        "Dm",
        "G",
        "Dm",
        "F#m",
        "Bm",
        "C",
        "Dm",
        "G",
        "Bm",
        "C",
        "F#m",
        "C",
        "Dm",
        "Em",
        "Dm",
        "Bm",
        "F#m",
        "Bm",
        "A#m",
        "G#m",
        "C#m",
        "Dm",
        "G",
        "C#",
        "F#m",
        "Bm",
        "C",
        "F#m",
        "Dm",
        "G",
        "C#",
        "Dm",
        "F#m",
        "Bm",
        "C#m",
        "Dm",
        "C#",
        "Dm",
        "C",
        "F#m",
        "Bm",
        "A#m",
        "Dm",
        "C#",
        "E",
        "Dm",
        "G",
        "C#",
        "Bm",
        "C",
        "F#m",
        "Dm",
        "G",
        "F#m",
        "Bm",
        "C",
        "Dm",
        "C#",
        "Dm",
        "F#m",
        "C",
        "F#m",
        "Dm",
        "G",
        "F#m",
        "A#m",
        "C",
        "Dm",
        "G",
        "Dm",
        "F#m",
        "C",
        "F#m",
        "Dm",
        "G",
        "Bm",
        "F#m",
        "Bm",
        "F#m",
        "C",
        "Dm",
        "C#",
        "G",
        "Dm",
        "F#m",
        "C",
        "F#m",
        "A#m",
        "G#m",
        "A#m",
        "Dm",
        "C#",
        "Gm",
        "A#",
        "D#m",
