{
    "duration": 194.9153125,
    "tempo": 138.88888888888889,
    "time_signature": "2/4",
    "key": "A# minor",
    "spectral_centroid": 2911.8838809085546,
    "spectral_bandwidth": 3150.6793851866323,
    "spectral_rolloff": 6561.3765082492,
    "rms": 0.39866065979003906,
    "zero_crossing_rate": 0.07286031573196257,
    "mfcc": [
        -101.59196472167969,
        90.16400146484375,
        -1.3308216333389282,
        58.04740905761719,
        -12.00130844116211,
        24.429214477539062,
        -12.42541217803955,
        21.935344696044922,
        0.28025829792022705,
        0.007329749409109354,
        12.839152336120605,
        -0.6494854688644409,
        6.127508640289307
    ],
    "chroma": [
        0.4963812828063965,
        0.5138300061225891,
        0.5349570512771606,
        0.4835779070854187,
        0.5337168574333191,
        0.6069504022598267,
        0.6248845458030701,
        0.681922197341919,
        0.6819616556167603,
        0.666916012763977,
        0.5748580694198608,
        0.5221269726753235
    ],
    "spectral_contrast": [
        18.648220431802105,
        12.369809356893898,
        15.501909437884427,
        17.999479831217574,
        17.428490298950052,
        18.009627511708054,
        27.564662910194677
    ],
    "tonnetz": [
        0.0941795702217232,
        0.09697700979483688,
        0.025512657578771053,
        -0.15203333206564681,
        -0.0616254132563411,
        -0.0076481925471281855
    ],
    "chord_progression": [
        "C#",
        "Dm",
        "C#m",
        "A#m",
        "Dm",
        "D",
        "Dm",
        "D",
        "Dm",
        "D",
        "Dm",
        "G#",
        "Dm",
        "G#",
        "Dm",
        "D",
        "Dm",
        "D",
        "Dm",
        "C#",
        "Cm",
        "C",
        "Cm",
        "E",
        "C#m",
        "Cm",
        "Dm",
        "A#m",
        "Dm",
        "D",
        "Dm",
        "C#m",
        "Cm",
        "C#m",
        "Cm",
        "Dm",
        "G#",
        "Dm",
        "A#m",
        "Dm",
        "D",
        "Dm",
        "D",
        "G#",
        "Dm",
        "D",
        "Dm",
        "D",
        "Dm",
        "D",
        "G#",
        "D",
        "Dm",
        "D",
        "Dm",
        "D",
        "Dm",
        "D",
        "C#",
        "C",
        "Cm",
        "Em",
        "C",
        "Cm",
        "D",
        "Dm",
        "G#m",
        "Dm",
        "D",
        "G#",
        "Dm",
        "D",
        "Dm",
        "F",
        "Dm",
        "D",
        "Dm",
        "D",
        "Dm",
        "D",
        "G#",
        "Dm",
        "G#",
        "D",
        "Dm",
        "D",
        "Dm",
        "D",
        "Dm",
        "Cm",
        "C",
        "Cm",
        "Em",
        "C",
        "Cm",
        "Dm",
        "G#",
        "C#m",
        "A#m",
        "D",
        "Dm",
        "G#",
        "C#m",
        "A#m",
        "Dm",
        "A#m",
        "Dm",
        "C#m",
        "Cm",
        "C#m",
        "Cm",
        "Dm",
        "D",
        "G#",
        "Dm",
        "A#m",
        "Dm",
        "D",
        "G#",
        "Dm",
        "C#m",
        "A#m",
        "Dm",
        "D",
        "Dm",
        "D",
        "G#",
        "Dm",
        "C#m",
        "Cm",
        "C#m",
        "Cm",
        "Dm",
        "D",
        "A#m",
        "D",
        "Dm",
        "D",
        "Dm",
        "D",
        "Dm",
        "C#m",
        "Dm",
        "D",
        "Dm",
        "D",
        "Dm",
        "D",
        "Dm",
        "Cm",
        "C",
        "Cm",
        "C#m",
        "Gm",
        "C",
        "Cm",
        "D",
        "Dm",
        "D",
        "Dm",
        "C#m",
        "D",
        "G#",
        "C",
        "G#",
        "G",
        "A",
        "Dm",
        "G",
        "Dm",
        "D",
        "F#m",
        "G#",
        "D",
        "Dm",
        "D",
        "C",
        "E",
        "Am",
        "Em",
        "C#",
        "Em",
        "Gm",
        "D",
        "Dm",
        "D",
        "A",
        "Fm",
        "G",
        "D",
        "Gm",
        "Em",
        "Dm",
        "Em",
        "G#m",
        "G#",
        "D",
        "Dm",
        "D",
        "A#",
        "D",
        "C",
        "G",
        "A#",
        "G#",
        "Em",
        "Gm",
        "G#",
        "Dm",
        "D",
        "Dm",
        "D",
        "G#",
        "A",
        "G#m",
        "A",
        "C",
        "G#",
        "C#",
        "G",
        "Dm",
        "D",
        "Dm",
        "G#",
        "C",
        "Bm",
        "G",
        "Dm",
        "D",
        "Dm",
        "D",
        "F#m",
        "G#",
        "G",
        "G#",
        "Gm",
        "G",
        "C",
        "Gm",
        "C#",
        "G#",
        "Em",
        "Dm",
        "D",
        "Dm",
        "D",
        "G#",
        "Gm",
        "Em",
        "Gm",
        "Em",
        "Gm",
        "Em",
        "Gm",
        "Dm",
        "A#m",
        "Dm",
        "A#m",
        "Dm",
        "F",
        "Dm",
        "C#m",
        "Cm",
        "A",
        "E",
        "C#m",
        "C",
        "Cm",
        "Dm",
        "A#m",
        "Dm",
        "D",
        "Dm",
        "A#m",
        "Dm",
        "G#m",
        "A#m",
        "Dm",
        "C#m",
        "Cm",
        "C#m",
        "C",
        "Cm",
        "Dm",
        "G#",
        "Dm",
        "D",
        "Dm",
        "D",
        "Dm",
        "D",
        "F",
        "Dm",
        "D",
        "Dm",
        "G#",
        "Dm",
        "C#m",
        "Dm",
        "D",
        "Dm",
        "C#m",
        "Dm",
        "D",
        "Dm",
        "C#",
        "Cm",
        "C#m",
        "Em",
        "C",
        "Cm",
        "Dm",
        "D",
        "A#",
        "Dm",
        "D",
        "Dm",
        "D",
        "Dm",
        "D",
        "Dm",
        "D",
        "G#",
        "A#m",
        "G#",
        "D",
        "G#",
        "Dm",
        "C#m",
        "C",
        "Cm",
        "C#",
        "C",
        "Cm",
        "Dm",
        "A#m",
        "Dm",
        "G#",
        "Dm",
        "D",
        "G#m",
        "A#m",
        "Dm",
        "G#",
        "Dm",
        "G#",
        "Dm",
        "G#",
        "Dm",
        "A#m",
        "Dm",
        "G#",
        "Dm",
        "C#m",
        "Cm",
        "C#m",
        "Cm",
        "Dm",
        "G#",
        "Dm",
        "A#m",
        "Dm",
        "G#",
        "D",
        "A#m",
        "Dm",
        "D",
        "Dm",
        "G#m",
        "Dm",
        "A#m",
        "D",
        "F",
        "Dm",
        "D",
        "G#",
        "C#",
        "Cm",
        "C#",
        "C#m",
        "Cm",
        "Dm",
        "G#",
        "C#",
        "A#m",
        "F#m",
        "A#m",
        "F#m",
        "C#",
        "A#m",
        "F#m",
        "G#",
        "A#m",
        "C#"
    ],
    "chromagram_path": "/Users/blblackboyzeusackboyzeus/BBZ(AiArtist)/music_generator/MewTwo [KT1T4cAz8d0]/visuals/chromagram.png",
    "waveform_path": "error",
    "spectrogram_path": "visuals/spectrogram.png"
}