{
    "duration": 216.4190625,
    "tempo": 178.57142857142858,
    "time_signature": "4/4",
    "key": "A major",
    "spectral_centroid": 2401.1555112227456,
    "spectral_bandwidth": 3023.3059813321665,
    "spectral_rolloff": 5036.401733569897,
    "rms": 0.15281949937343597,
    "zero_crossing_rate": 0.05815452428476381,
    "mfcc": [
        -180.01487731933594,
        118.68904113769531,
        6.46952486038208,
        26.05172348022461,
        0.06342942267656326,
        13.865673065185547,
        -4.403048992156982,
        5.9972453117370605,
        -0.6523553133010864,
        0.2554146647453308,
        0.3596397936344147,
        2.2825939655303955,
        -4.5120062828063965
    ],
    "chroma": [
        0.4485705494880676,
        0.4274345934391022,
        0.4944611191749573,
        0.5487663149833679,
        0.4491792321205139,
        0.4419046640396118,
        0.4021172821521759,
        0.4504944086074829,
        0.46575307846069336,
        0.4738249182701111,
        0.5268758535385132,
        0.4564872086048126
    ],
    "spectral_contrast": [
        19.277307963721075,
        12.887102453460654,
        15.660174760471445,
        17.076796567543685,
        16.527084028641447,
        16.33343796129286,
        20.563795118104547
    ],
    "tonnetz": [
        -0.06362869691619849,
        0.04523944362849405,
        0.03520947636328948,
        0.010858161178568762,
        0.0010559409497931935,
        0.0013820006572830418
    ],
    "chord_progression": [
        "G#m",
        "F#m",
        "G#m",
        "E",
        "C",
        "A#m",
        "Cm",
        "G#m",
        "Cm",
        "A#m",
        "Dm",
        "Am",
        "Dm",
        "F",
        "Am",
        "Cm",
        "G#m",
        "G",
        "Am",
        "C",
        "A#m",
        "Cm",
        "G#m",
        "Cm",
        "Am",
        "F",
        "Am",
        "D#",
        "C#",
        "G#m",
        "C#",
        "D#",
        "G#m",
        "Dm",
        "F",
        "E",
        "Em",
        "Cm",
        "D#",
        "A#m",
        "D#",
        "G#",
        "A",
        "G",
        "C",
        "D",
        "E",
        "G#m",
        "D#",
        "E",
        "Gm",
        "D#",
        "Cm",
        "D#",
        "Cm",
        "D#",
        "D#m",
        "D#",
        "Cm",
        "Dm",
        "Am",
        "Dm",
        "D#",
        "Am",
        "E",
        "G#m",
        "D#",
        "G#m",
        "Cm",
        "G#m",
        "D#m",
        "D#",
        "E",
        "D#",
        "D",
        "Cm",
        "F#m",
        "E",
        "D#",
        "D#m",
        "D#",
        "C",
        "Cm",
        "D#",
        "C",
        "G#",
        "D#",
        "E",
        "G#m",
        "C#",
        "G#m",
        "Cm",
        "C#m",
        "G#m",
        "D#",
        "G#m",
        "D#",
        "C",
        "D#",
        "Gm",
        "D#m",
        "Cm",
        "Dm",
        "D#",
        "Cm",
        "Am",
        "D#",
        "Am",
        "D#",
        "G",
        "Am",
        "E",
        "G#m",
        "D",
        "G#m",
        "D",
        "E",
        "G#m",
        "Dm",
        "D#",
        "Cm",
        "E",
        "D#m",
        "D#",
        "A",
        "D",
        "Cm",
        "D",
        "D#",
        "D",
        "Gm",
        "E",
        "C#",
        "D",
        "G#m",
        "D#",
        "G#m",
        "G#",
        "E",
        "D",
        "C#m",
        "Dm",
        "Cm",
        "D#",
        "Cm",
        "D",
        "C",
        "G#",
        "Cm",
        "Dm",
        "Am",
        "Dm",
        "Am",
        "D",
        "Em",
        "G",
        "Am",
        "Gm",
        "G#m",
        "D",
        "E",
        "G#m",
        "Em",
        "F",
        "C#m",
        "D",
        "Em",
        "G",
        "G#",
        "D#",
        "D",
        "Cm",
        "D#m",
        "D#",
        "D",
        "Fm",
        "Cm",
        "C#m",
        "F",
        "D#",
        "C#",
        "D",
        "C",
        "E",
        "G#m",
        "D#",
        "Gm",
        "C#",
        "Cm",
        "G#",
        "Cm",
        "F",
        "C#m",
        "D",
        "Gm",
        "D#",
        "D",
        "D#",
        "F",
        "D#",
        "D",
        "D#",
        "D",
        "Cm",
        "A#m",
        "Cm",
        "Dm",
        "Am",
        "G",
        "Am",
        "G#",
        "F",
        "Am",
        "G#m",
        "D#",
        "F",
        "D#",
        "F",
        "D#",
        "G",
        "D#",
        "D#m",
        "D#",
        "D#m",
        "D#",
        "Bm",
        "D#",
        "Gm",
        "G#m",
        "D#",
        "G#m",
        "D#",
        "F",
        "D#",
        "D",
        "D#",
        "E",
        "Fm",
        "D#",
        "Am",
        "D#",
        "Am",
        "Dm",
        "G",
        "D#",
        "G#m",
        "D#",
        "G#m",
        "D#",
        "G#m",
        "D#",
        "C#m",
        "E",
        "D#",
        "Gm",
        "E",
        "D#",
        "E",
        "G#m",
        "D#",
        "Fm",
        "A",
        "G#",
        "G",
        "G#",
        "Gm",
        "G",
        "G#m",
        "D#",
        "G#m",
        "D#",
        "C#",
        "E",
        "D#",
        "E",
        "D#",
        "G",
        "Cm",
        "D#",
        "C#",
        "Am",
        "G#",
        "D#",
        "G",
        "D#",
        "C#",
        "E",
        "G#m",
        "E",
        "G#m",
        "D#",
        "A#m",
        "G#",
        "A#m",
        "D#",
        "Cm",
        "G#m",
        "Dm",
        "Cm",
        "G#",
        "F",
        "G#",
        "Cm",
        "A#",
        "F",
        "G#",
        "F",
        "C",
        "G#m",
        "Cm",
        "F",
        "Dm",
        "G#m",
        "D#",
        "Am",
        "D#m",
        "F",
        "D#",
        "Cm",
        "F",
        "C#m",
        "Am",
        "D#",
        "Cm",
        "D#",
        "C",
        "D#",
        "G#",
        "A#m",
        "C",
        "D#",
        "A#m",
        "G#m",
        "Am",
        "E",
        "G#m",
        "Cm",
        "G#m",
        "Cm",
        "D#",
        "Am",
        "F",
        "Am",
        "Dm",
        "D#m",
        "Dm",
        "Gm",
        "D#",
        "G#",
        "Cm",
        "D#",
        "C#m",
        "G#",
        "D#",
        "Em",
        "Cm",
        "G#",
        "E",
        "Gm",
        "D#",
        "Fm",
        "G#",
        "D#",
        "Gm",
        "D#",
        "Cm",
        "Gm",
        "G#",
        "A",
        "Dm",
        "G#m",
        "Cm",
        "G#m",
        "D#",
        "F",
        "E",
        "Am",
        "D#",
        "Cm",
        "D#",
        "Gm",
        "D#m",
        "D#",
        "Am",
        "D#",
        "G#",
        "D#",
        "Cm",
        "C#m",
        "Am",
        "Fm",
        "Cm",
        "G",
        "F",
        "D#",
        "D#m",
        "G",
        "Dm",
        "D#",
        "A#m",
        "C#m",
        "D#",
        "F",
        "D#",
        "D",
        "D#",
        "Gm",
        "D#",
        "Bm",
        "D#",
        "G",
        "Gm",
        "D#",
        "D",
        "D#",
        "Gm",
        "D#",
        "Am",
        "Gm",
        "D",
        "Gm",
        "G",
        "D#",
        "Gm",
        "Am",
        "Gm",
        "D#",
        "Cm",
        "D#",
        "Am",
        "Gm",
        "D#",
        "Em",
        "D#",
        "G",
        "Gm",
        "D#",
        "G",
        "Am",
        "Em",
        "Bm",
        "A",
        "D",
        "F#m",
        "D#",
        "Bm",
        "Gm",
        "D#",
        "G#m",
        "D",
        "Gm",
        "D#",
        "Bm",
        "D#",
        "C#",
        "D",
        "G",
        "D#",
        "Gm",
        "D#",
        "Am",
        "D#",
        "Bm",
        "D#",
