{
    "duration": 209.36275,
    "tempo": 156.25,
    "time_signature": "2/4",
    "key": "A major",
    "spectral_centroid": 2302.1492336597703,
    "spectral_bandwidth": 2668.1550287776254,
    "spectral_rolloff": 4775.260774873911,
    "rms": 0.1365521103143692,
    "zero_crossing_rate": 0.06960683172856488,
    "mfcc": [
        -158.174560546875,
        129.48336791992188,
        2.7889373302459717,
        8.49420166015625,
        -19.600357055664062,
        4.585045337677002,
        -14.186532974243164,
        1.9954113960266113,
        -7.860308647155762,
        -4.4450907707214355,
        -1.522058367729187,
        -0.30817851424217224,
        -0.5447635054588318
    ],
    "chroma": [
        0.32630541920661926,
        0.3390815854072571,
        0.36230531334877014,
        0.4442459046840668,
        0.32078230381011963,
        0.3634723424911499,
        0.3241804242134094,
        0.32096922397613525,
        0.3162257671356201,
        0.30229514837265015,
        0.35792624950408936,
        0.2846638858318329
    ],
    "spectral_contrast": [
        17.413496237589825,
        15.102333107459419,
        17.514733026768347,
        19.486296263791058,
        18.903473394707284,
        18.345550728687925,
        25.77770809730041
    ],
    "tonnetz": [
        -0.07428395576842514,
        0.02888135777344785,
        0.013814513351148769,
        -0.010511390402924252,
        -0.004310298738593961,
        0.008897903535601041
    ],
    "chord_progression": [
        "D",
        "Gm",
        "Dm",
        "D",
        "Dm",
        "Gm",
        "Dm",
        "C#",
        "A",
        "D",
        "Dm",
        "Bm",
        "A#",
        "C#",
        "C#m",
        "A#",
        "Gm",
        "Am",
        "A#",
        "Am",
        "Em",
        "A#",
        "Am",
        "A#",
        "Am",
        "Gm",
        "D",
        "A#",
        "Bm",
        "A#",
        "Em",
        "Fm",
        "A#",
        "A",
        "A#",
        "Gm",
        "A#",
        "Gm",
        "D",
        "A#",
        "A",
        "D",
        "A#",
        "Gm",
        "Bm",
        "Em",
        "Gm",
        "A#",
        "Gm",
        "C#",
        "A#",
        "G#",
        "A",
        "D",
        "Am",
        "Gm",
        "A",
        "Em",
        "A",
        "D",
        "C#",
        "D",
        "G#",
        "C#",
        "A#",
        "C#",
        "Dm",
        "C#m",
        "Em",
        "Am",
        "A#",
        "C#",
        "Gm",
        "C#",
        "Bm",
        "Am",
        "Bm",
        "A",
        "Bm",
        "Am",
        "Bm",
        "D",
        "G#",
        "G#m",
        "A#m",
        "Dm",
        "F",
        "Bm",
        "D#",
        "F",
        "A",
        "G",
        "A#",
        "G#",
        "A#m",
        "D",
        "D#m",
        "Am",
        "Gm",
        "C",
        "Cm",
        "C#",
        "Cm",
        "Dm",
        "D#",
        "Gm",
        "C#",
        "C#m",
        "Gm",
        "D#m",
        "A#m",
        "Fm",
        "G#m",
        "Gm",
        "C#",
        "C",
        "D#m",
        "G#m",
        "D#m",
        "C#",
        "D#m",
        "F#m",
        "C",
        "A#m",
        "F#m",
        "C",
        "G",
        "C#",
        "E",
        "C",
        "G",
        "C#",
        "Gm",
        "G#m",
        "C#",
        "G#m",
        "Dm",
        "C#",
        "C",
        "A#",
        "G",
        "G#",
        "G#m",
        "C#",
        "D#",
        "G",
        "C",
        "G",
        "Cm",
        "G",
        "C",
        "G",
        "D#",
        "G#",
        "Cm",
        "G",
        "Am",
        "G#",
        "Dm",
        "G",
        "Am",
        "G#",
        "A#m",
        "G#",
        "D#",
        "Cm",
        "D",
        "D#m",
        "G",
        "Cm",
        "C",
        "G#",
        "Cm",
        "D#",
        "Am",
        "C",
        "Cm",
        "A#m",
        "G#m",
        "D#m",
        "Gm",
        "C#",
        "D#m",
        "G#m",
        "A#m",
        "Cm",
        "G#m",
        "Am",
        "C#",
        "A#",
        "G#m",
        "A#",
        "G#m",
        "Dm",
        "A#m",
        "G#m",
        "C#",
        "D",
        "Dm",
        "F",
        "Dm",
        "G#m",
        "F#m",
        "Gm",
        "D#m",
        "Gm",
        "D#m",
        "G#m",
        "D#m",
        "A#",
        "D#m",
        "D#",
        "C#",
        "G#m",
        "Gm",
        "A#",
        "G#m",
        "D#m",
        "G#m",
        "D#m",
        "F#m",
        "G#m",
        "D#m",
        "Cm",
        "D#m",
        "A#",
        "D#m",
        "Gm",
        "Cm",
        "G#m",
        "C#",
        "Gm",
        "C#",
        "G#m",
        "C#",
        "Am",
        "G#m",
        "D#m",
        "G#m",
        "D#m",
        "Am",
        "Gm",
        "D#m",
        "Gm",
        "G#m",
        "D#m",
        "A#",
        "C#",
        "C#m",
        "G#m",
        "D#m",
        "Gm",
        "G#m",
        "F#m",
        "G#m",
        "D#",
        "G#m",
        "C#m",
        "G#m",
        "Cm",
        "C#",
        "F#m",
        "G#m",
        "D#m",
        "Gm",
        "G#m",
        "C",
        "C#",
        "G#m",
        "D#m",
        "Gm",
        "D#m",
        "Gm",
        "G#m",
        "D#m",
        "G#m",
        "F#m",
        "G#m",
        "C#",
        "G#m",
        "D#m",
        "G#m",
        "D#m",
        "E",
        "Am",
        "C#",
        "G#m",
        "C#",
        "G",
        "D#m",
        "C#",
        "G#m",
        "C#",
        "G#m",
        "Dm",
        "C#",
        "G#m",
        "C#",
        "G#m",
        "Gm",
        "C#m",
        "G",
        "C#",
        "C",
        "D#m",
        "A#m",
        "D#m",
        "A#m",
        "Gm",
        "D#m",
        "D",
        "A#m",
        "Gm",
        "G#m",
        "D#m",
        "Cm",
        "C",
        "C#m",
        "C#",
        "Gm",
        "Cm",
        "F",
        "Cm",
        "G#m",
        "Cm",
        "A#m",
        "C#m",
        "C",
        "C#m",
        "Fm",
        "D#m",
        "D#",
        "A#m",
        "C#",
        "Am",
        "C#m",
        "G#",
        "D#m",
        "Am",
        "C#",
        "Am",
        "C#",
        "Cm",
        "A#",
        "Fm",
        "C#",
        "A#",
        "C#m",
        "Am",
        "G#m",
        "Fm",
        "A#",
        "Cm",
        "C#m",
        "G#m",
        "D#m",
        "G#m",
        "E",
        "G#m",
        "C#m",
        "C#",
        "C#m",
        "G#m",
        "C#",
        "G#m",
        "D#m",
        "G#m",
        "C#m",
        "C#",
        "A#",
        "Am",
        "F#m",
        "G#m",
        "D#m",
        "C#m",
        "C#",
        "Am",
        "A#m",
        "G#m",
        "C#m",
        "Em",
        "C#m",
        "C#",
        "Cm",
        "A#",
        "Fm",
        "C#",
        "G#m",
        "C#m",
        "G#m",
        "C#m",
        "G#m",
        "Cm",
        "A#",
        "C#m",
        "G#m",
        "C#",
        "A#",
        "G#m",
        "C#",
        "G",
        "Am",
        "Dm",
        "Am",
        "Dm",
        "A#",
        "G",
        "G#",
        "Am",
        "G#",
        "Em",
        "C#",
        "G#m",
        "C#",
        "G#",
        "F",
        "Am",
        "G",
        "Am",
        "G",
        "A",
        "C",
        "G",
        "C#",
        "G",
        "Am",
        "G",
        "D#",
        "G",
        "Cm",
        "C",
        "G",
        "Cm",
        "C",
        "Cm",
        "G",
        "Cm",
        "C",
        "Cm",
        "G",
        "Dm",
        "Cm",
        "G",
        "D",
        "Cm",
        "D#m",
        "D",
        "D#m",
        "Gm",
        "Dm",
        "G",
        "C",
        "G",
        "Dm",
        "Am",
        "D#",
        "F",
        "Cm",
