{
    "duration": 197.01553125,
    "tempo": 156.25,
    "time_signature": "2/4",
    "key": "G minor",
    "spectral_centroid": 1669.4335185080272,
    "spectral_bandwidth": 2391.874105459918,
    "spectral_rolloff": 3478.021713090791,
    "rms": 0.2417355477809906,
    "zero_crossing_rate": 0.03618991214268313,
    "mfcc": [
        -163.99082946777344,
        153.0923614501953,
        27.82615852355957,
        31.731454849243164,
        8.132427215576172,
        18.155990600585938,
        -4.317630767822266,
        1.0587204694747925,
        -1.713545322418213,
        -0.8823196887969971,
        -3.2810187339782715,
        -1.6291260719299316,
        -4.236774444580078
    ],
    "chroma": [
        0.5424754619598389,
        0.4415791630744934,
        0.351694792509079,
        0.4073309600353241,
        0.44529488682746887,
        0.6512627005577087,
        0.43720340728759766,
        0.4011145532131195,
        0.38551607728004456,
        0.34714749455451965,
        0.4835834205150604,
        0.4087350368499756
    ],
    "spectral_contrast": [
        19.252522865760334,
        13.671758454105419,
        17.767724790387977,
        16.69967196172267,
        17.660631607352208,
        17.342423570855093,
        20.373574020771517
    ],
    "tonnetz": [
        -0.22637159924844075,
        0.1672502419985363,
        -0.03657167584442307,
        -0.0444694660354871,
        0.023868534620335457,
        -0.024119853539672106
    ],
    "chord_progression": [
        "D#m",
        "Gm",
        "D#m",
        "Gm",
        "D#m",
        "A#m",
        "D#m",
        "Em",
        "C#",
        "G",
        "Cm",
        "G",
        "Cm",
        "G",
        "Cm",
        "G",
        "Cm",
        "G",
        "D#m",
        "Am",
        "D#m",
        "G#m",
        "D#m",
        "Cm",
        "D#m",
        "G#m",
        "Cm",
        "Am",
        "Cm",
        "D#",
        "Am",
        "G",
        "Am",
        "Gm",
        "Cm",
        "Am",
        "G#m",
        "Gm",
        "C#",
        "Gm",
        "G#m",
        "E",
        "C#",
        "Am",
        "G",
        "Am",
        "G",
        "Cm",
        "D#",
        "Cm",
        "Am",
        "D#",
        "D#m",
        "Am",
        "D#",
        "Cm",
        "D#",
        "Cm",
        "Am",
        "G",
        "Am",
        "G",
        "Am",
        "Gm",
        "Cm",
        "D#m",
        "Cm",
        "G#m",
        "D#m",
        "C#",
        "Gm",
        "D#m",
        "Gm",
        "C#",
        "Am",
        "G",
        "Cm",
        "Am",
        "Cm",
        "D#",
        "G",
        "Cm",
        "Am",
        "G",
        "Cm",
        "G",
        "Cm",
        "G",
        "C#",
        "G#m",
        "A#m",
        "G#m",
        "A#m",
        "Cm",
        "D#",
        "D#m",
        "D#",
        "G",
        "E",
        "D#",
        "Am",
        "C#",
        "D#",
        "C#",
        "Am",
        "C#",
        "G#m",
        "A#m",
        "Cm",
        "C#",
        "G#m",
        "A#m",
        "D#",
        "D#m",
        "D#",
        "C#",
        "A#m",
        "C#",
        "A#m",
        "C#",
        "Am",
        "C#",
        "Am",
        "C#",
        "D#m",
        "C#",
        "Cm",
        "D#m",
        "Cm",
        "Am",
        "D#",
        "G",
        "Am",
        "G",
        "Am",
        "C#",
        "D#m",
        "D#",
        "A#m",
        "Cm",
        "D#",
        "Am",
        "Em",
        "Am",
        "D#m",
        "G#m",
        "A#m",
        "G#m",
        "A#m",
        "Cm",
        "G",
        "Am",
        "D#m",
        "A#m",
        "D#m",
        "Dm",
        "G#m",
        "A#m",
        "G#m",
        "A#m",
        "Am",
        "G",
        "Dm",
        "G",
        "Dm",
        "Am",
        "D#m",
        "G#m",
        "A#m",
        "G#m",
        "A#m",
        "Dm",
        "G",
        "Am",
        "G",
        "Am",
        "D#m",
        "G#m",
        "A#m",
        "G#m",
        "A#m",
        "G#m",
        "A#m",
        "G#m",
        "Dm",
        "G",
        "Am",
        "D#",
        "G#m",
        "A#m",
        "D#",
        "G#m",
        "A#m",
        "G#m",
        "D#",
        "Am",
        "C#",
        "D#",
        "C#",
        "Am",
        "D#",
        "F#m",
        "G#m",
        "A#m",
        "Cm",
        "G#m",
        "A#m",
        "D#",
        "A#m",
        "D#",
        "C#",
        "A#m",
        "C#",
        "D#",
        "C#",
        "G#m",
        "C#",
        "Cm",
        "D#",
        "G#m",
        "D#",
        "C#",
        "G",
        "Am",
        "C#",
        "Am",
        "D#m",
        "Cm",
        "A#m",
        "G#m",
        "C#",
        "Cm",
        "D#",
        "Cm",
        "D#",
        "C#",
        "Am",
        "D#",
        "C#",
        "Am",
        "D#",
        "C#",
        "D#",
        "C",
        "Cm",
        "C#",
        "A#m",
        "G#m",
        "D#",
        "A#m",
        "D#",
        "C#",
        "Am",
        "C#",
        "D#",
        "C#",
        "G#m",
        "A#m",
        "Cm",
        "C#",
        "G#m",
        "A#m",
        "G#m",
        "D#",
        "C#",
        "D#",
        "C#",
        "Am",
        "C#",
        "Am",
        "C#",
        "Am",
        "C#",
        "Cm",
        "C#",
        "Cm",
        "D#",
        "A#m",
        "Cm",
        "D#",
        "G#m",
        "G",
        "Am",
        "C#",
        "Am",
        "C#",
        "D#m",
        "C#",
        "D#m",
        "G#m",
        "C#",
        "Cm",
        "A#m",
        "G#m",
        "D#",
        "G#m",
        "Am",
        "D#",
        "C#",
        "Am",
        "D#",
        "Am",
        "C#",
        "Am",
        "C#",
        "Am",
        "C#",
        "E",
        "C#",
        "Am",
        "C#",
        "Am",
        "C#",
        "E",
        "C",
        "D#",
        "Cm",
        "D#",
        "Cm",
        "D#",
        "C",
        "Cm",
        "Am",
        "Cm",
        "D#",
        "Cm",
        "D#",
        "Cm",
        "G#",
        "Cm",
        "G",
        "C#",
        "G",
        "Cm",
        "G",
        "Cm",
        "G",
        "Cm",
        "G",
        "E",
        "Am",
        "Gm",
        "Am",
        "C#",
        "Am",
        "E",
        "Am",
        "C#",
        "Am",
        "C#",
        "Am",
        "C#",
        "Am",
        "C#",
        "G",
        "C",
        "Cm",
        "D#",
        "Cm",
        "D#",
        "Cm",
        "D#"
    ],
    "chromagram_path": "/Users/blblackboyzeusackboyzeus/BBZ(AiArtist)/music_generator/Zepeto [9LaebRCA3WM]/visuals/chromagram.png",
    "waveform_path": "/Users/blblackboyzeusackboyzeus/BBZ(AiArtist)/music_generator/Zepeto [9LaebRCA3WM]/visuals/waveform.png",
    "spectrogram_path": "visuals/spectrogram.png"
}