{
    "duration": 146.66665625,
    "tempo": 110.29411764705883,
    "time_signature": "4/4",
    "key": "B minor",
    "spectral_centroid": 2918.320606935412,
    "spectral_bandwidth": 2763.731506421034,
    "spectral_rolloff": 5525.957578815316,
    "rms": 0.1765183061361313,
    "zero_crossing_rate": 0.10784416078051708,
    "mfcc": [
        -101.19215393066406,
        104.08319091796875,
        -16.99041748046875,
        58.20469665527344,
        -13.890989303588867,
        12.39661979675293,
        5.127650737762451,
        1.6362440586090088,
        8.754674911499023,
        4.654428958892822,
        2.8117306232452393,
        3.602828025817871,
        2.6497321128845215
    ],
    "chroma": [
        0.32489582896232605,
        0.3786696791648865,
        0.4729960858821869,
        0.6991750001907349,
        0.652228057384491,
        0.4694337546825409,
        0.4818536937236786,
        0.432327002286911,
        0.4198220372200012,
        0.3461324870586395,
        0.3693297505378723,
        0.347425639629364
    ],
    "spectral_contrast": [
        15.486062507236829,
        12.677871478307734,
        15.774625797711609,
        17.24612343279605,
        16.418322082516415,
        17.356770359682198,
        21.913217811844074
    ],
    "tonnetz": [
        -0.042238840938057465,
        -0.08647211945109196,
        0.002047829046516916,
        0.0771417233779936,
        0.03619098487247231,
        -0.010120228508021934
    ],
    "chord_progression": [
        "C#m",
        "Gm",
        "C#m",
        "A#m",
        "C#m",
        "D#m",
        "C",
        "D#m",
        "A#m",
        "F#m",
        "C#m",
        "D#m",
        "F#m",
        "D#m",
        "A#",
        "D#m",
        "F#m",
        "D#m",
        "C",
        "Gm",
        "C#m",
        "G#m",
        "C#m",
        "G#m",
        "C#m",
        "A#m",
        "G#m",
        "Dm",
        "A#m",
        "F#m",
        "A#m",
        "Cm",
        "A#m",
        "G#m",
        "C#m",
        "C#",
        "C#m",
        "A#m",
        "C#m",
        "C#",
        "C#m",
        "C",
        "Cm",
        "C#m",
        "C#",
        "C#m",
        "G#m",
        "C#m",
        "A#m",
        "C#m",
        "F#m",
        "A#m",
        "F#m",
        "A#m",
        "C#m",
        "G#m",
        "A#m",
        "G#m",
        "A#m",
        "D#m",
        "G",
        "F#m",
        "C#m",
        "G#m",
        "C#m",
        "C#",
        "C#m",
        "A#m",
        "C#m",
        "E",
        "Dm",
        "C",
        "G",
        "C#",
        "C#m",
        "Bm",
        "C",
        "F#m",
        "C#m",
        "Gm",
        "C#",
        "C#m",
        "G#m",
        "C#m",
        "F#m",
        "C#m",
        "C",
        "C#",
        "C",
        "C#m",
        "G#m",
        "C#m",
        "G#m",
        "C#m",
        "C#",
        "Dm",
        "F#m",
        "C#m",
        "F#m",
        "Bm",
        "A#m",
        "F#m",
        "A#m",
        "F#m",
        "C#m",
        "G#m",
        "Gm",
        "C#",
        "C#m",
        "F#m",
        "A#m",
        "C#m",
        "Gm",
        "C#m",
        "F#m",
        "C#m",
        "C#",
        "Em",
        "C",
        "F#m",
        "Bm",
        "F#m",
        "A#m",
        "C#m",
        "C#",
        "C#m",
        "G#m",
        "A#m",
        "C#m",
        "G#m",
        "C#m",
        "F#m",
        "C",
        "F#m",
        "A#m",
        "G#m",
        "C#m",
        "G#m",
        "C#m",
        "G#m",
        "C#m",
        "A#m",
        "C#m",
        "F#m",
        "C#m",
        "C",
        "Cm",
        "G#m",
        "A#m",
        "C#m",
        "C#",
        "C#m",
        "Gm",
        "C#",
        "G#m",
        "D#m",
        "C#m",
        "C",
        "Cm",
        "D",
        "G",
        "C#m",
        "C#",
        "C#m",
        "C#",
        "Gm",
        "C#m",
        "D",
        "Em",
        "D#m",
        "Em",
        "C#m",
        "G#m",
        "C#m",
        "C#",
        "C#m",
        "C#",
        "Gm",
        "C#m",
        "Cm",
        "C#m",
        "G",
        "Em",
        "F#m",
        "A#m",
        "C#m",
        "G#m",
        "C#",
        "C#m",
        "C",
        "G",
        "Cm",
        "A#m",
        "C#m",
        "F#m",
        "C#m",
        "F#m",
        "C#m",
        "F#m",
        "C",
        "D#m",
        "A",
        "Cm",
        "C#m",
        "C",
        "C#m",
        "F#m",
        "C#m",
        "F#m",
        "C#m",
        "A",
        "C#m",
        "C",
        "A#m",
        "Dm",
        "Cm",
        "C#m",
        "Dm",
        "G#m",
        "A#m",
        "G#m",
        "C#m",
        "Am",
        "C#m",
        "A#m",
        "C#m",
        "C#",
        "C#m",
        "Am",
        "F",
        "Am",
        "A#",
        "C",
        "A#",
        "G#m",
        "C#m",
        "D#m",
        "Cm",
        "A#m",
        "C",
        "F#m",
        "D#m",
        "Cm",
        "A#m",
        "C#m",
        "G#m",
        "Cm",
        "C#m",
        "F#m",
        "D",
        "D#m",
        "C#m",
        "E",
        "Fm",
        "A",
        "Fm",
        "A",
        "E",
        "A",
        "A#",
        "Cm",
        "E",
        "A#m",
        "D#",
        "A#m",
        "D#",
        "A#m",
        "D#",
        "Bm",
        "A#m",
        "G#m",
        "Bm",
        "G#m",
        "Bm",
        "G#m",
        "A#m",
        "Bm",
        "F#m",
        "Bm",
        "F#m",
        "Fm",
        "D#m",
        "F#m",
        "Bm",
        "F#m",
        "Bm",
        "C#m",
        "G",
        "F#m",
        "C#m",
        "C#",
        "F#m",
        "Dm",
        "Bm",
        "C#m",
        "E",
        "D",
        "A#m",
        "C",
        "F#m",
        "C",
        "A#m",
        "C#m",
        "C#",
        "Em",
        "C#",
        "C#m",
        "D#m",
        "A#m",
        "D#m",
        "F#m",
        "D#m",
        "A#m",
        "F#m",
        "A#m",
        "D#",
        "D#m",
        "F#m",
        "C",
        "Cm",
        "C#m",
        "D",
        "A#m",
        "F#m",
        "C#m",
        "A#",
        "G#m",
        "F#m",
        "E",
        "A",
        "A#",
        "G#m",
        "D#",
        "A#m",
        "C#m",
        "C",
        "A#m",
        "C#m",
        "D#m",
        "D#",
        "A#m",
        "D#m",
        "A#m",
        "D#m",
        "D#",
        "F#m",
        "D#m",
        "C#m",
        "D#m",
        "A#m",
        "D#m",
        "D#",
        "Bm",
        "C#m",
        "C",
        "Cm",
        "A#m",
        "D#m",
        "D#",
        "F#m",
        "A#m",
        "D#",
        "G#m",
        "Bm"
    ],
    "chromagram_path": "/Users/blblackboyzeusackboyzeus/BBZ(AiArtist)/music_generator/Kylian Mbappe (Houston) [tQ8zqN65w5U]/visuals/chromagram.png",
    "waveform_path": "error",
    "spectrogram_path": "visuals/spectrogram.png"
}