{
    "duration": 104.76190625,
    "tempo": 104.16666666666667,
    "time_signature": "2/4",
    "key": "F minor",
    "spectral_centroid": 4092.575672020461,
    "spectral_bandwidth": 3527.2350974226997,
    "spectral_rolloff": 7934.972987935247,
    "rms": 0.17375314235687256,
    "zero_crossing_rate": 0.15617147829012676,
    "mfcc": [
        -65.64826202392578,
        73.92259216308594,
        5.044094085693359,
        36.48115158081055,
        -17.073017120361328,
        23.453256607055664,
        -4.320462703704834,
        14.091246604919434,
        -0.35204964876174927,
        3.5330045223236084,
        0.5578876733779907,
        0.07327384501695633,
        -1.5313758850097656
    ],
    "chroma": [
        0.40839430689811707,
        0.3871917128562927,
        0.386478066444397,
        0.30733418464660645,
        0.32484132051467896,
        0.32283616065979004,
        0.30174189805984497,
        0.3468690514564514,
        0.44060519337654114,
        0.7168464660644531,
        0.6812676787376404,
        0.4254729449748993
    ],
    "spectral_contrast": [
        14.703225035511487,
        14.042207565300192,
        16.05718508243882,
        17.68423869575017,
        16.464605995162234,
        16.40631627768645,
        22.406947110434526
    ],
    "tonnetz": [
        0.04436093480928442,
        0.08653692863100607,
        0.0019171218423055135,
        -0.02616628857184986,
        0.014737967565350207,
        0.009408284746956435
    ],
    "chord_progression": [
        "D#",
        "C",
        "D#",
        "Bm",
        "D#",
        "G",
        "D#",
        "G",
        "A",
        "Bm",
        "D#",
        "C",
        "G",
        "A",
        "C",
        "A",
        "G",
        "A",
        "G",
        "C",
        "D#",
        "G#",
        "Bm",
        "Dm",
        "G#",
        "Dm",
        "D",
        "D#",
        "D",
        "D#",
        "Dm",
        "D#",
        "G#",
        "D",
        "Bm",
        "D",
        "G#",
        "G#m",
        "D#",
        "Dm",
        "D",
        "Dm",
        "G#",
        "D#",
        "Bm",
        "D#",
        "G#",
        "D#",
        "Dm",
        "G#",
        "D#",
        "G#",
        "D#",
        "Dm",
        "D",
        "G#",
        "Dm",
        "D#",
        "Cm",
        "D#",
        "D",
        "Dm",
        "D",
        "F",
        "G#",
        "D",
        "G#",
        "D#",
        "D",
        "D#",
        "Bm",
        "D",
        "Bm",
        "D",
        "Bm",
        "G#m",
        "Bm",
        "Dm",
        "A",
        "F",
        "Dm",
        "G#",
        "D#",
        "D",
        "G#",
        "D#",
        "G#",
        "D",
        "Bm",
        "D#",
        "G#m",
        "D#m",
        "D#",
        "Fm",
        "D#",
        "D",
        "D#",
        "Bm",
        "D#",
        "A",
        "D#",
        "Dm",
        "F",
        "G#",
        "D#",
        "D",
        "Bm",
        "Dm",
        "D#",
        "Am",
        "D#",
        "Dm",
        "D#",
        "Dm",
        "D",
        "D#",
        "Bm",
        "D#",
        "Dm",
        "D",
        "G#",
        "G#m",
        "G#",
        "D#",
        "Bm",
        "D#",
        "G#",
        "D#",
        "F",
        "G#",
        "D",
        "F",
        "Dm",
        "D",
        "D#",
        "D#m",
        "Fm",
        "D#",
        "Fm",
        "D#",
        "D#m",
        "D#",
        "Dm",
        "Bm",
        "Dm",
        "F",
        "G#",
        "D#",
        "Bm",
        "D",
        "D#",
        "G#",
        "C",
        "G#",
        "Bm",
        "G#",
        "Dm",
        "D#",
        "Dm",
        "D#",
        "Dm",
        "D",
        "F",
        "D#",
        "G#",
        "C",
        "Dm",
        "G#",
        "Dm",
        "D#",
        "D",
        "G#",
        "D#",
        "G#",
        "Bm",
        "Dm",
        "Am",
        "A",
        "D#",
        "G#m",
        "Dm",
        "G#",
        "Cm",
        "G#",
        "Bm",
        "A",
        "Cm",
        "G#m",
        "D#",
        "G#m",
        "Cm",
        "D#",
        "G#",
        "D#",
        "G#",
        "Cm",
        "D#",
        "G#m",
        "G#",
        "F",
        "Dm",
        "Cm",
        "G#",
        "D",
        "G#",
        "D#",
        "A#m",
        "Fm",
        "D#m",
        "D#",
        "Bm",
        "Cm",
        "G#",
        "D#",
        "Dm",
        "D#",
        "D",
        "Dm",
        "F",
        "Dm",
        "D#",
        "F",
        "Gm",
        "Am",
        "Bm",
        "F",
        "A#m",
        "Dm",
        "Am",
        "Bm",
        "D",
        "Bm",
        "D#",
        "D#m",
        "D#",
        "D",
        "G#m",
        "G#",
        "D",
        "G#m",
        "Dm",
        "D",
        "Bm",
        "D",
        "A#m",
        "G#",
        "C#m",
        "A#m",
        "F#m",
        "Dm",
        "D#m",
        "G#m",
        "F#m",
        "D",
        "G#m",
        "D#",
        "G#m",
        "Bm",
        "Dm",
        "D",
        "F",
        "Dm",
        "G#",
        "Cm",
        "E",
        "F",
        "G",
        "F#m",
        "G",
        "F",
        "G",
        "F",
        "Bm",
        "D#",
        "Am",
        "Dm",
        "F",
        "D#",
        "Am",
        "D#",
        "G",
        "Bm",
        "G",
        "D#",
        "Dm",
        "D#",
        "Dm",
        "A#",
        "F",
        "Bm",
        "Am",
        "F",
        "Am",
        "D#",
        "F",
        "Am",
        "F",
        "D#",
        "Am",
        "A",
        "G",
        "D#",
        "A",
        "Cm",
        "G#",
        "Am",
        "Bm",
        "G",
        "Am",
        "G",
        "Dm",
        "Am",
        "Bm",
        "G",
        "Em",
        "G",
        "C",
        "G#",
        "Bm",
        "G#m",
        "Dm",
        "G",
        "A#m",
        "Bm",
        "A",
        "C",
        "Dm",
        "D#",
        "Bm",
        "D",
        "G#m",
        "D#",
        "G#m",
        "C#m",
        "Dm",
        "Bm",
        "G#m",
        "Bm"
    ],
    "chromagram_path": "/Users/blblackboyzeusackboyzeus/BBZ(AiArtist)/music_generator/Kylian Mbappe (Boston) [ySxBGpF9jqc]/visuals/chromagram.png",
    "waveform_path": "error",
    "spectrogram_path": "visuals/spectrogram.png"
}