{
    "duration": 269.16571875,
    "tempo": 178.57142857142858,
    "time_signature": "2/4",
    "key": "A minor",
    "spectral_centroid": 2058.5639786101688,
    "spectral_bandwidth": 2576.916167049156,
    "spectral_rolloff": 4228.166052428223,
    "rms": 0.2126321941614151,
    "zero_crossing_rate": 0.04947801535658028,
    "mfcc": [
        -170.5156707763672,
        125.62606048583984,
        2.2080678939819336,
        29.310638427734375,
        12.008026123046875,
        9.405967712402344,
        3.123992919921875,
        6.42429256439209,
        1.8266445398330688,
        2.796199083328247,
        4.907707214355469,
        -0.12053164839744568,
        -1.670798420906067
    ],
    "chroma": [
        0.4251255691051483,
        0.4607565402984619,
        0.4902467429637909,
        0.5862022042274475,
        0.5477227568626404,
        0.5477122068405151,
        0.46694907546043396,
        0.4025300145149231,
        0.40776100754737854,
        0.42882153391838074,
        0.5043906569480896,
        0.47089290618896484
    ],
    "spectral_contrast": [
        21.203025445784963,
        13.137309967871115,
        17.44097302365599,
        18.888269178937197,
        18.645268775508868,
        19.61056219035913,
        20.276487875140223
    ],
    "tonnetz": [
        -0.1500015939124032,
        -0.021196521039284873,
        0.16580371090128984,
        -0.053311493310940955,
        -0.01499449158108559,
        0.03184003259449563
    ],
    "chord_progression": [
        "A#",
        "Fm",
        "A#",
        "D#m",
        "Fm",
        "G#m",
        "Fm",
        "C#",
        "G#m",
        "D#m",
        "A#m",
        "G#m",
        "A#m",
        "D#m",
        "G#m",
        "D#m",
        "A#m",
        "D#m",
        "A#m",
        "D#m",
        "A#m",
        "D#m",
        "G#m",
        "A#m",
        "G#m",
        "D#m",
        "A#m",
        "D#m",
        "A#",
        "Fm",
        "G#m",
        "D#m",
        "C#",
        "D#m",
        "Gm",
        "D#m",
        "A#m",
        "G#m",
        "A#m",
        "D#m",
        "A#m",
        "D#m",
        "G#m",
        "D#m",
        "A#m",
        "D#m",
        "A#m",
        "D#m",
        "A#m",
        "D#m",
        "G#m",
        "D#m",
        "D#",
        "A#m",
        "D#",
        "G#",
        "A#",
        "Fm",
        "G#m",
        "Am",
        "D#",
        "Am",
        "D#",
        "D#m",
        "A#m",
        "G#m",
        "A#m",
        "G#m",
        "A#m",
        "G#m",
        "A#m",
        "D#",
        "G#m",
        "A#m",
        "G#m",
        "D#",
        "G#m",
        "A#m",
        "D#m",
        "D#",
        "G#m",
        "D#m",
        "F",
        "D#",
        "D#m",
        "D#",
        "A#m",
        "Fm",
        "A#",
        "Fm",
        "G#m",
        "F#m",
        "D#",
        "Am",
        "D#",
        "Am",
        "D#",
        "D#m",
        "G#m",
        "D#",
        "G#m",
        "A#m",
        "G#m",
        "A#m",
        "G#m",
        "A#m",
        "G#m",
        "A#m",
        "D#",
        "G#m",
        "A#m",
        "G#m",
        "A#m",
        "G#m",
        "A#m",
        "D#m",
        "D#",
        "G#m",
        "A#m",
        "G#m",
        "D#m",
        "Fm",
        "A#",
        "Fm",
        "G#m",
        "D#",
        "Am",
        "D#",
        "Am",
        "D#m",
        "D#",
        "A#m",
        "G#m",
        "A#m",
        "G#m",
        "A#m",
        "G#m",
        "A#m",
        "G#m",
        "A#m",
        "G#m",
        "A#m",
        "G#m",
        "D#m",
        "D#",
        "G#m",
        "D#m",
        "A#m",
        "D#",
        "A#m",
        "D#",
        "G#m",
        "D#",
        "D#m",
        "G#m",
        "Fm",
        "A#",
        "Fm",
        "G#m",
        "Am",
        "D#",
        "Am",
        "D#",
        "G#m",
        "A#m",
        "G#m",
        "A#m",
        "G#m",
        "A#m",
        "G#m",
        "A#m",
        "D#",
        "G#m",
        "A#m",
        "G#m",
        "D#m",
        "A#m",
        "D#",
        "G#m",
        "C#m",
        "Dm",
        "Am",
        "G#m",
        "C#",
        "Am",
        "A#",
        "G#",
        "A#",
        "Fm",
        "A#",
        "G#",
        "A#",
        "C#",
        "D#m",
        "Fm",
        "D#m",
        "D#",
        "F",
        "C#",
        "D#m",
        "D#",
        "Fm",
        "Dm",
        "D#m",
        "A#m",
        "D#",
        "C#",
        "Fm",
        "D#",
        "Am",
        "Dm",
        "C#",
        "A#m",
        "G#m",
        "D#m",
        "A#m",
        "G#m",
        "A#m",
        "D#m",
        "G#m",
        "C#",
        "G#",
        "D#",
        "D#m",
        "G#m",
        "G#",
        "A#",
        "Fm",
        "A#",
        "D#m",
        "F",
        "A#",
        "Am",
        "Gm",
        "D#m",
        "D#",
        "D#m",
        "D#",
        "F",
        "C#",
        "D#m",
        "D#",
        "A#m",
        "G#m",
        "A#m",
        "D#m",
        "C#",
        "Fm",
        "D#m",
        "D#",
        "C#",
        "Fm",
        "G#",
        "Am",
        "D#",
        "C#",
        "D#m",
        "D#",
        "D#m",
        "Fm",
        "A#",
        "Fm",
        "G#m",
        "Am",
        "D#",
        "Am",
        "D#",
        "D#m",
        "G#m",
        "A#m",
        "Fm",
        "G#m",
        "A#m",
        "G#m",
        "A#m",
        "G#m",
        "A#m",
        "G#m",
        "D#",
        "Fm",
        "G#m",
        "A#m",
        "D#",
        "G#m",
        "A#m",
        "D#",
        "D#m",
        "F",
        "D#m",
        "G#m",
        "D#",
        "D#m",
        "F",
        "C#m",
        "D#m",
        "Fm",
        "D#",
        "Cm",
        "A#",
        "Fm",
        "G#m",
        "D#",
        "Am",
        "D#",
        "Am",
        "D#m",
        "D#",
        "A#m",
        "G#m",
        "D#",
        "A#m",
        "G#m",
        "A#m",
        "G#m",
        "D#",
        "A#m",
        "G#m",
        "A#m",
        "G#m",
        "A#m",
        "G#m",
        "A#m",
        "D#",
        "D#m",
        "D#",
        "G#m",
        "A#m",
        "G#m",
        "A#m",
        "G#m",
        "A#m",
        "G#m",
        "D#",
        "Fm",
        "A#",
        "Fm",
        "G#m",
        "Am",
        "D#",
        "Am",
        "D#m",
        "D#",
        "A#m",
        "G#m",
        "A#m",
        "G#m",
        "A#m",
        "G#m",
        "A#m",
        "G#m",
        "D#m",
        "D#",
        "G#m",
        "D#",
        "D#m",
        "G#m",
        "D#",
        "G#m",
        "D#m",
        "D#",
        "D#m",
        "D#",
        "D#m",
        "A#m",
        "G#m",
        "Fm",
        "A#",
        "Fm",
        "A#",
        "Fm",
        "G#m",
        "D#",
        "Am",
        "D#",
        "Am",
        "D#m",
        "D#",
        "A#m",
        "G#m",
        "A#m",
        "G#m",
        "A#m",
        "G#m",
        "A#m",
        "G#m",
        "A#m",
        "G#m",
        "A#m",
        "G#m",
        "D#m",
        "F",
        "D#m",
        "A#m",
        "G#m",
        "A#m",
        "D#",
        "D#m",
        "G#m",
        "C#",
        "D",
        "G",
        "G#m",
        "Dm",
        "G#m",
        "C#",
        "Am",
        "G#",
        "A#",
        "Fm",
        "A#",
        "Fm",
        "G#",
        "A#",
        "D#m",
        "Fm",
        "D#m",
        "D#",
        "F",
        "C#",
        "D#m",
        "D#",
        "Fm",
        "Em",
        "A#m",
        "D#",
        "G#m",
        "C#",
        "Fm",
        "D#m",
        "D#",
        "Dm",
        "C#",
        "Fm",
        "G#",
        "A#m",
        "G#",
        "G#m",
        "D#m",
        "A#m",
        "G#m",
        "D#",
        "D#m",
        "C#",
        "A#m",
        "C#",
