{
    "duration": 323.71953125,
    "tempo": 144.23076923076923,
    "time_signature": "2/4",
    "key": "F# minor",
    "spectral_centroid": 1568.1909993546637,
    "spectral_bandwidth": 2072.0645519655695,
    "spectral_rolloff": 2944.766903079128,
    "rms": 0.1086687371134758,
    "zero_crossing_rate": 0.04502938713209855,
    "mfcc": [
        -245.7755126953125,
        142.91995239257812,
        14.435821533203125,
        23.704334259033203,
        7.254540920257568,
        9.37330150604248,
        -5.526327133178711,
        1.6904776096343994,
        -4.144829273223877,
        -4.456610202789307,
        -2.9782354831695557,
        -4.154582500457764,
        -4.5353312492370605
    ],
    "chroma": [
        0.38753950595855713,
        0.47232726216316223,
        0.4646996855735779,
        0.4588295817375183,
        0.5247771143913269,
        0.49090805649757385,
        0.528671383857727,
        0.45513132214546204,
        0.5053427815437317,
        0.46171993017196655,
        0.4077448844909668,
        0.42978495359420776
    ],
    "spectral_contrast": [
        18.26290112295576,
        14.590231072832639,
        19.09732345673659,
        20.876493022217698,
        20.438493310010173,
        18.728137490104828,
        21.817502758090352
    ],
    "tonnetz": [
        0.007172959212848725,
        -0.1446030476035619,
        -0.009808734524224191,
        0.019650284823852112,
        0.0033770923273328817,
        0.004189871684744415
    ],
    "chord_progression": [
        "C#m",
        "D#m",
        "G#m",
        "Cm",
        "Gm",
        "D#m",
        "G#m",
        "A#m",
        "D#",
        "G#m",
        "G#",
        "A#",
        "C",
        "G#",
        "A#",
        "G#",
        "Gm",
        "D",
        "Gm",
        "D",
        "Gm",
        "D",
        "Gm",
        "F",
        "C#m",
        "C#",
        "C#m",
        "G#m",
        "F#m",
        "Bm",
        "C",
        "F#m",
        "Bm",
        "F#m",
        "A#",
        "G#",
        "C#",
        "Gm",
        "C#",
        "D",
        "D#m",
        "D",
        "Gm",
        "C#",
        "D",
        "Gm",
        "A#",
        "D",
        "C#",
        "D",
        "C#",
        "D",
        "Gm",
        "C#",
        "C#m",
        "C#",
        "C#m",
        "C#",
        "G#m",
        "C#",
        "G#m",
        "C#",
        "G#m",
        "C#m",
        "F#m",
        "C#m",
        "C",
        "F#m",
        "C",
        "A#",
        "C",
        "A#",
        "Bm",
        "A#",
        "G#",
        "C#",
        "Gm",
        "C#",
        "Gm",
        "D",
        "C#",
        "D",
        "Gm",
        "A#",
        "D",
        "C#",
        "D",
        "D#m",
        "C#",
        "C#m",
        "C#",
        "G#m",
        "C#",
        "G#m",
        "C#",
        "G#m",
        "E",
        "A#",
        "C",
        "F#m",
        "C",
        "C#m",
        "C",
        "C#m",
        "A#",
        "C#m",
        "C",
        "F#m",
        "C",
        "Cm",
        "A#",
        "G#",
        "D",
        "Gm",
        "A#",
        "Gm",
        "A#",
        "Fm",
        "C",
        "Gm",
        "D",
        "Gm",
        "C#m",
        "C#",
        "C#m",
        "C#",
        "G#m",
        "D#",
        "G#m",
        "E",
        "F#m",
        "G#m",
        "F#m",
        "C",
        "F#m",
        "C#m",
        "C",
        "A#m",
        "A#",
        "Gm",
        "C#m",
        "A",
        "Gm",
        "Am",
        "A",
        "C#m",
        "Gm",
        "A#",
        "Bm",
        "A",
        "Em",
        "Am",
        "Gm",
        "D#",
        "Gm",
        "D",
        "Gm",
        "Em",
        "Bm",
        "Am",
        "C#m",
        "G#m",
        "Fm",
        "A#",
        "C#m",
        "C#",
        "Fm",
        "Gm",
        "D#m",
        "A#",
        "Gm",
        "A#",
        "Cm",
        "Fm",
        "Cm",
        "A#",
        "C#",
        "G#m",
        "A#",
        "G#",
        "A#",
        "G#",
        "A#",
        "F",
        "G#",
        "A#",
        "Gm",
        "A#",
        "G#",
        "A#",
        "F",
        "D",
        "Gm",
        "D",
        "C#",
        "Gm",
        "D",
        "C#",
        "C",
        "D",
        "Gm",
        "D",
        "Gm",
        "A#",
        "Gm",
        "C#",
        "D",
        "A#",
        "Gm",
        "A#",
        "Gm",
        "C#",
        "C#m",
        "C#",
        "G#m",
        "C#",
        "G#m",
        "C#",
        "F#m",
        "G#m",
        "F#m",
        "E",
        "G#m",
        "F#m",
        "A#",
        "F#m",
        "C",
        "F#m",
        "E",
        "F#m",
        "C#m",
        "F#m",
        "C#m",
        "A",
        "A#",
        "A",
        "C#m",
        "Em",
        "Bm",
        "C#m",
        "G",
        "Bm",
        "G",
        "C#m",
        "Am",
        "A#",
        "Fm",
        "A#",
        "Em",
        "A",
        "F#m",
        "C#m",
        "F#m",
        "C#m",
        "Fm",
        "G#m",
        "G#",
        "D#m",
        "Gm",
        "D#m",
        "G#m",
        "D",
        "A#m",
        "G#m",
        "D#",
        "Bm",
        "G#m",
        "Bm",
        "G#m",
        "Bm",
        "F",
        "A#",
        "G#",
        "A#m",
        "Gm",
        "D#m",
        "A#",
        "D#m",
        "D",
        "Gm",
        "D",
        "Gm",
        "C#m",
        "Gm",
        "Em",
        "G#m",
        "C#",
        "F#m",
        "G#m",
        "F#m",
        "Bm",
        "F#m",
        "C",
        "F#m",
        "A#",
        "F#m",
        "C#m",
        "F#m",
        "A#",
        "A#m",
        "Gm",
        "A#",
        "Gm",
        "D",
        "Gm",
        "D",
        "Gm",
        "C#m",
        "C#",
        "Gm",
        "G#m",
        "C#",
        "G#m",
        "F#m",
        "G#m",
        "F#m",
        "Bm",
        "F#m",
        "C",
        "Dm",
        "A#",
        "G#",
        "C#",
        "Gm",
        "C#",
        "D",
        "Gm",
        "A#",
        "D#m",
        "F#m",
        "C#",
        "C#m",
        "D",
        "Gm",
        "D",
        "Gm",
        "D",
        "Gm",
        "C#",
        "D",
        "D#m",
        "C",
        "Gm",
        "D",
        "D#m",
        "D",
        "D#m",
        "C#m",
        "C#",
        "C#m",
        "C#",
        "G#m",
        "C#",
        "G#m",
        "F#m",
        "C#",
        "F#m",
        "G#m",
        "C#",
        "G#m",
        "C#",
        "F#m",
        "C#m",
        "C",
        "F#m",
        "C",
        "C#m",
        "A#",
        "G#",
        "A#",
        "G#",
        "C#",
        "Gm",
        "D",
        "Gm",
        "D",
        "C#",
        "D",
        "Gm",
        "D",
        "Gm",
        "C#",
        "D",
        "A#m",
        "D",
        "C#",
        "C#m",
        "C#",
        "C#m",
        "C#",
        "G#m",
        "C#",
        "G#m",
        "C#",
        "F#m",
        "C#m",
        "G#m",
        "Dm",
        "C",
        "Dm",
        "A#",
        "C#m",
        "Bm",
        "A#",
        "C#m",
        "F#m",
        "C#m",
        "A#",
        "C#m",
        "A#",
        "C#m",
        "Em",
        "D",
        "C#m",
        "Dm",
        "C#m",
        "G#m",
        "Em",
        "Dm",
        "F#m",
        "C#m",
        "D#m",
        "C#m",
        "G#m",
        "C#m",
        "G#m",
        "Am",
        "D#m",
        "A#",
        "Fm",
        "D#m",
        "Fm",
        "D#m",
        "Gm",
        "Fm",
        "A#",
        "D#m",
        "F",
        "A#",
        "G#",
        "A#",
        "G#",
        "A#",
        "C#m",
        "C",
        "Cm",
        "E",
        "A#",
        "C#m",
        "E",
        "A",
        "C#m",
        "A#",
        "Am",
        "C#m",
        "C#",
        "Cm",
