{
    "duration": 259.29290625,
    "tempo": 150.0,
    "time_signature": "2/4",
    "key": "B major",
    "spectral_centroid": 2413.8910083702754,
    "spectral_bandwidth": 3371.81844129109,
    "spectral_rolloff": 5497.093090522028,
    "rms": 0.16946953535079956,
    "zero_crossing_rate": 0.050185466127514504,
    "mfcc": [
        -196.01351928710938,
        118.12281036376953,
        44.74781799316406,
        15.178936004638672,
        5.0628461837768555,
        12.667386054992676,
        -9.179258346557617,
        18.52734375,
        -0.424217164516449,
        -2.802997350692749,
        5.980788230895996,
        4.345792293548584,
        -2.190063714981079
    ],
    "chroma": [
        0.3895259499549866,
        0.43885448575019836,
        0.357419490814209,
        0.4713534116744995,
        0.416391521692276,
        0.3901868760585785,
        0.499444842338562,
        0.4012483060359955,
        0.4243682026863098,
        0.3592654764652252,
        0.32769855856895447,
        0.3586961328983307
    ],
    "spectral_contrast": [
        18.340395046259847,
        14.752196749592406,
        18.983070082716218,
        20.764172409895004,
        18.91771288865433,
        20.094093785412813,
        20.482535471142494
    ],
    "tonnetz": [
        -0.09601181365214585,
        -0.0858947431237369,
        -0.02828885224855509,
        0.05564887366842859,
        -0.00902387602049639,
        0.032710391084408014
    ],
    "chord_progression": [
        "D#m",
        "D",
        "Gm",
        "G#m",
        "D",
        "Gm",
        "F#m",
        "G#m",
        "F#m",
        "C#",
        "F#m",
        "G#m",
        "Bm",
        "F#m",
        "C#m",
        "Gm",
        "C#m",
        "Gm",
        "Cm",
        "C",
        "Cm",
        "E",
        "Cm",
        "E",
        "Cm",
        "E",
        "C",
        "Gm",
        "C#m",
        "Fm",
        "E",
        "F#m",
        "G#m",
        "F#m",
        "G#m",
        "F#m",
        "G#m",
        "Gm",
        "D#m",
        "A#m",
        "Gm",
        "A#",
        "Gm",
        "F#m",
        "Gm",
        "D#m",
        "Cm",
        "C#",
        "G#m",
        "C#m",
        "C#",
        "C#m",
        "C#",
        "C#m",
        "Gm",
        "C#",
        "Gm",
        "C#m",
        "Cm",
        "E",
        "Gm",
        "G#m",
        "Gm",
        "G#m",
        "D#m",
        "A#m",
        "D#m",
        "Gm",
        "G#m",
        "E",
        "D#m",
        "Gm",
        "G#m",
        "D",
        "Gm",
        "C#m",
        "C#",
        "Cm",
        "G#m",
        "F#m",
        "C#",
        "G#m",
        "C#",
        "C#m",
        "E",
        "A",
        "Gm",
        "C#m",
        "Am",
        "C#m",
        "Gm",
        "C",
        "Cm",
        "C",
        "Cm",
        "E",
        "G",
        "E",
        "D",
        "F#m",
        "A#m",
        "Gm",
        "C#",
        "E",
        "G#m",
        "C#",
        "G#m",
        "D#m",
        "D",
        "Gm",
        "C#",
        "D#m",
        "Gm",
        "A#",
        "G#m",
        "D",
        "C#",
        "Gm",
        "C#m",
        "E",
        "G#m",
        "Fm",
        "E",
        "A#",
        "C#",
        "Bm",
        "Fm",
        "G#",
        "Gm",
        "C#m",
        "Em",
        "C#m",
        "Gm",
        "C#m",
        "A",
        "Cm",
        "G",
        "E",
        "Cm",
        "G",
        "Bm",
        "D",
        "A#",
        "G#m",
        "C#m",
        "C#",
        "E",
        "G#m",
        "D#m",
        "D",
        "Gm",
        "D#m",
        "Gm",
        "D#m",
        "D",
        "Gm",
        "D#m",
        "C#",
        "D#m",
        "Gm",
        "D#m",
        "Gm",
        "F#m",
        "Gm",
        "D#m",
        "G#m",
        "Gm",
        "C#",
        "G#m",
        "C#",
        "G#m",
        "Gm",
        "G#m",
        "C#m",
        "C",
        "Gm",
        "G#m",
        "C#m",
        "Cm",
        "Gm",
        "C",
        "Cm",
        "E",
        "Gm",
        "C#",
        "C#m",
        "D#",
        "D#m",
        "C#m",
        "A#",
        "C#",
        "G#m",
        "D",
        "Gm",
        "D",
        "D#m",
        "C#",
        "D",
        "Gm",
        "D#m",
        "Gm",
        "D",
        "D#m",
        "D",
        "G#m",
        "Bm",
        "C#",
        "E",
        "Gm",
        "C#",
        "C#m",
        "G#m",
        "F#m",
        "G#m",
        "C#",
        "F#m",
        "G#m",
        "A",
        "Em",
        "Gm",
        "C#",
        "C#m",
        "Gm",
        "Cm",
        "E",
        "Cm",
        "E",
        "A",
        "Gm",
        "D#m",
        "Gm",
        "F#m",
        "Gm",
        "D#m",
        "Bm",
        "A#",
        "G#m",
        "D#m",
        "Gm",
        "D",
        "Gm",
        "C#",
        "E",
        "G#m",
        "C#m",
        "Gm",
        "C#m",
        "Gm",
        "C#m",
        "Gm",
        "Cm",
        "C",
        "G",
        "Cm",
        "A",
        "E",
        "G#m",
        "Gm",
        "F#m",
        "Gm",
        "F#m",
        "Gm",
        "D#m",
        "E",
        "G#m",
        "A",
        "A#",
        "C#",
        "Gm",
        "C#",
        "A#",
        "D",
        "D#m",
        "Gm",
        "E",
        "G#m",
        "Cm",
        "G#m",
        "C#",
        "E",
        "G#m",
        "C#",
        "G#m",
        "A",
        "C#m",
        "Gm",
        "C#m",
        "Gm",
        "Cm",
        "C",
        "Cm",
        "A",
        "Gm",
        "C#",
        "Gm",
        "D#m",
        "Gm",
        "F#m",
        "C",
        "D#m",
        "Gm",
        "C#",
        "E",
        "G#m",
        "D",
        "D#m",
        "Gm",
        "D",
        "A#",
        "D",
        "C#",
        "D",
        "Gm",
        "G#m",
        "D",
        "G#m",
        "Gm",
        "E",
        "C#m",
        "E",
        "C#",
        "F#m",
        "G#m",
        "C#",
        "Bm",
        "G#m",
        "D",
        "C#m",
        "Gm",
        "C#",
        "Gm",
        "C#m",
        "Gm",
        "Cm",
        "A",
        "G",
        "A",
        "E",
        "G",
        "Gm",
        "D",
        "Gm",
        "C",
        "F#m",
        "G#m",
        "C#",
        "G#m",
        "C#",
        "E",
        "G#m",
        "D",
        "Gm",
        "D#m",
        "Gm",
        "D#m",
        "D",
        "C#",
        "D#m",
        "G#m",
        "D",
        "C#",
        "E",
        "Gm",
        "C#m",
        "G#m",
        "C#",
        "Em",
        "Bm",
        "G#m",
        "E",
        "Gm",
        "C#m",
        "Gm",
        "C#m",
        "Cm",
        "E",
        "A",
        "Cm",
        "G",
        "C#",
        "Gm",
        "Cm",
        "G#m",
        "Fm",
        "A#",
        "G#m",
        "D#m",
        "Gm",
        "D",
        "A#",
        "C#",
        "Gm",
        "D#m",
        "Gm",
        "C#",
        "D#m",
        "A#",
        "G#m",
        "E",
        "C#",
        "G#m",
        "C#",
        "F#m",
        "C#m",
        "Cm",
        "Gm",
        "Am",
        "C#m",
        "Cm",
        "C",
        "Cm",
        "C",
        "A",
        "G",
        "Gm",
        "D",
        "Gm",
        "G#m",
        "Gm",
        "G#m",
        "E",
        "C#",
        "G#m",
        "C#",
        "Gm",
        "D#m",
        "Gm",
        "A#",
        "Gm",
        "G#m",
        "Bm",
        "G#m",
        "D#m",
        "C#",
        "G#m",
        "E",
        "G#m",
        "F#m",
        "G#m",
        "Gm",
        "C#",
        "C#m",
        "C#",
        "C#m",
        "A#",
        "Cm",
        "E",
        "Gm",
        "C",
        "Gm",
        "G#m",
        "Gm",
        "D#m",
        "A#",
        "F#m",
        "Gm",
        "C",
        "D",
        "Gm",
