{
    "duration": 132.0,
    "tempo": 125.0,
    "time_signature": "2/4",
    "key": "A minor",
    "spectral_centroid": 2965.762978896795,
    "spectral_bandwidth": 2981.0379115179094,
    "spectral_rolloff": 5926.099866682826,
    "rms": 0.12689580023288727,
    "zero_crossing_rate": 0.10149178177266392,
    "mfcc": [
        -155.6182403564453,
        97.41605377197266,
        1.0543303489685059,
        54.89760208129883,
        -12.416088104248047,
        18.697246551513672,
        4.674354076385498,
        7.010258197784424,
        10.100460052490234,
        3.7393171787261963,
        3.9079699516296387,
        3.4514811038970947,
        2.8109123706817627
    ],
    "chroma": [
        0.42154884338378906,
        0.3573037385940552,
        0.32443487644195557,
        0.36867499351501465,
        0.45066264271736145,
        0.6676901578903198,
        0.6884325742721558,
        0.5097530484199524,
        0.5279693007469177,
        0.5109844207763672,
        0.5259840488433838,
        0.45125389099121094
    ],
    "spectral_contrast": [
        16.01143222063762,
        13.256547059036444,
        15.896148104300948,
        17.899359271581435,
        16.45766310558795,
        16.994011062242684,
        22.52476627051074
    ],
    "tonnetz": [
        -0.13197956179069087,
        0.026153944863035454,
        0.0012927507527227442,
        -0.061967928894654314,
        -0.002229070122562078,
        0.03474729591171835
    ],
    "chord_progression": [
        "D#m",
        "G#m",
        "C#",
        "D#m",
        "G#m",
        "C#",
        "D#m",
        "G#m",
        "D#m",
        "C#",
        "G#m",
        "C#",
        "G#m",
        "C#",
        "G#m",
        "D#m",
        "Gm",
        "Cm",
        "D#",
        "D#m",
        "D#",
        "D#m",
        "D#",
        "D#m",
        "G",
        "C#",
        "Am",
        "Dm",
        "D#m",
        "D#",
        "D#m",
        "D#",
        "D#m",
        "D#",
        "D#m",
        "D#",
        "D#m",
        "Cm",
        "D#m",
        "A#",
        "C#",
        "Am",
        "Dm",
        "D#m",
        "D#",
        "D#m",
        "D#",
        "D#m",
        "D#",
        "D#m",
        "D",
        "Gm",
        "Em",
        "D",
        "G",
        "D#m",
        "G",
        "Am",
        "D#m",
        "D#",
        "D#m",
        "Am",
        "G",
        "D#m",
        "G",
        "C#",
        "Am",
        "C#",
        "Am",
        "D#m",
        "D#",
        "D#m",
        "Gm",
        "D",
        "Gm",
        "D#m",
        "D#",
        "D#m",
        "Gm",
        "C#",
        "Am",
        "C#",
        "D#m",
        "D#",
        "D#m",
        "D#",
        "D#m",
        "D#",
        "D#m",
        "A#",
        "Gm",
        "Cm",
        "D",
        "Gm",
        "Am",
        "D#m",
        "Gm",
        "A#",
        "Gm",
        "D",
        "A#",
        "G",
        "C#",
        "Am",
        "D#m",
        "D#",
        "D#m",
        "G",
        "Gm",
        "D",
        "Cm",
        "Gm",
        "D#m",
        "A#",
        "D#m",
        "A#",
        "C",
        "D",
        "Gm",
        "C#",
        "G",
        "C#",
        "Dm",
        "D#m",
        "D#",
        "D#m",
        "D#",
        "D#m",
        "A#",
        "Gm",
        "D",
        "C#",
        "G",
        "Dm",
        "D#",
        "D#m",
        "D#",
        "D#m",
        "D#",
        "D#m",
        "D#",
        "D#m",
        "D#",
        "D#m",
        "A#",
        "Gm",
        "C#",
        "Am",
        "D#m",
        "D#",
        "D#m",
        "D#",
        "D#m",
        "D#",
        "D#m",
        "A#",
        "Gm",
        "D#m",
        "D#",
        "D#m",
        "D#",
        "D#m",
        "D#",
        "D#m",
        "A#",
        "D#m",
        "C",
        "C#",
        "C",
        "Gm",
        "C#",
        "D#m",
        "D#",
        "D#m",
        "D#",
        "D#m",
        "D#",
        "D#m",
        "A#",
        "D#m",
        "D",
        "G#",
        "Gm",
        "G",
        "D#",
        "D#m",
        "D#",
        "D#m",
        "D#",
        "D#m",
        "A#",
        "D",
        "C#",
        "Am",
        "D#m",
        "D",
        "Gm",
        "G",
        "Gm",
        "A#m",
        "D#m",
        "Gm",
        "G",
        "D#m",
        "Am",
        "D#m",
        "A#",
        "D",
        "A#",
        "C#",
        "C",
        "Dm",
        "Am",
        "F#m",
        "Am",
        "D#m",
        "Am",
        "D#m",
        "Gm",
        "Cm",
        "C",
        "Cm",
        "C",
        "Gm",
        "C",
        "C#m",
        "Am",
        "D#",
        "D#m",
        "D#",
        "D#m",
        "A#",
        "D",
        "Em",
        "C#",
        "Am",
        "D#m",
        "D",
        "D#m",
        "Gm",
        "F",
        "Gm",
        "A#",
        "Cm",
        "Gm",
        "A#",
        "F",
        "Gm",
        "Em",
        "Gm",
        "F",
        "Am",
        "G",
        "A#",
        "D",
        "D#m",
        "Am",
        "C#",
        "Gm",
        "D#m",
        "Am",
        "G",
        "Am",
        "G",
        "Am",
        "G",
        "Gm",
        "D#m",
        "A#",
        "D#m",
        "Am",
        "Gm",
        "A#m",
        "Gm",
        "D",
        "D#m",
        "Am",
        "Gm",
        "D#m",
        "A#",
        "D#m",
        "A#",
        "D#m",
        "Gm",
        "F",
        "C#",
        "Gm",
        "D",
        "D#m",
        "D",
        "Dm",
        "C#",
        "D#",
        "D#m",
        "G",
        "C#",
        "A#",
        "D",
        "Gm",
        "G",
        "Dm",
        "Em",
        "Am",
        "D#m",
        "F#m",
        "G",
        "Gm",
        "G",
        "Gm",
        "D#m",
        "Gm",
        "A#",
        "Gm",
        "Dm",
        "A#m",
        "C#m",
        "Dm",
        "G",
        "G#m",
        "D#m",
        "Am",
        "G",
        "Am",
        "G",
        "Am",
        "Dm",
        "G"
    ],
    "chromagram_path": "/Users/blblackboyzeusackboyzeus/BBZ(AiArtist)/music_generator/Kylian Mbappe [wHyWd-zUp7c]/visuals/chromagram.png",
    "waveform_path": "error",
    "spectrogram_path": "visuals/spectrogram.png"
}