{
    "filename": "MewTwo [KT1T4cAz8d0].wav",
    "bitrate": 1411200,
    "duration": 194.91532879818595,
    "sample_rate": 44100,
    "tempo": 0.0,
    "key": "F",
    "spectral_centroid": 2978.9934676516173,
    "spectral_bandwidth": 3286.818625805704,
    "spectral_rolloff": 6674.52470448936,
    "rms": 0.40341341495513916,
    "zero_crossing_rate": 0.0579455391178748
}