{
  "filename": "05\u2019 Zuck [ZsOtqU3-HXs].wav",
  "bitrate": 1411200,
  "duration": 135.00083900226758,
  "sample_rate": 44100,
  "tempo": 0.0,
  "key": "E",
  "spectral_centroid": 2532.0660302942892,
  "spectral_bandwidth": 3332.8234936942436,
  "spectral_rolloff": 5603.487921158849,
  "rms": 0.23844939470291138,
  "zero_crossing_rate": 0.03397730418028205
}