{
  "filename": "A Word [m3LoKaAsWr4].wav",
  "bitrate": 1411200,
  "duration": 204.30367346938775,
  "sample_rate": 44100,
  "tempo": 0.0,
  "key": "E",
  "spectral_centroid": 2014.5626707647039,
  "spectral_bandwidth": 2886.2717662572745,
  "spectral_rolloff": 4193.320277539528,
  "rms": 0.23717571794986725,
  "zero_crossing_rate": 0.031337817374488576
}