{
  "filename": "Before They Called Me Potus (Medley) [Pomac4FafcM].wav",
  "bitrate": 1411200,
  "duration": 274.22714285714284,
  "sample_rate": 44100,
  "tempo": 0.0,
  "key": "A#",
  "spectral_centroid": 4019.122243521366,
  "spectral_bandwidth": 4514.352345008989,
  "spectral_rolloff": 9161.246570454727,
  "rms": 0.08185209333896637,
  "zero_crossing_rate": 0.07879722394951312
}