{
  "filename": "Blue [dXHGW86pyuo].wav",
  "bitrate": 1411200,
  "duration": 76.82614512471655,
  "sample_rate": 44100,
  "tempo": 0.0,
  "key": "C",
  "spectral_centroid": 3296.662982847269,
  "spectral_bandwidth": 3551.2323114403166,
  "spectral_rolloff": 7000.038270094345,
  "rms": 0.21636506915092468,
  "zero_crossing_rate": 0.07312900777236325
}