{
  "filename": "Caught Up [xqUaqeQ2vTo].wav",
  "bitrate": 1411200,
  "duration": 123.67761904761905,
  "sample_rate": 44100,
  "tempo": 0.0,
  "key": "G#",
  "spectral_centroid": 1828.6975209142554,
  "spectral_bandwidth": 2128.9300340887826,
  "spectral_rolloff": 3766.4670960864896,
  "rms": 0.04692922160029411,
  "zero_crossing_rate": 0.04637984348598986
}