{
  "filename": "Disney 713 [tK-yvwgXvQw].wav",
  "bitrate": 1411200,
  "duration": 133.8480045351474,
  "sample_rate": 44100,
  "tempo": 0.0,
  "key": "D#",
  "spectral_centroid": 1761.2802140578315,
  "spectral_bandwidth": 3000.056733013085,
  "spectral_rolloff": 3767.4794014685795,
  "rms": 0.29571107029914856,
  "zero_crossing_rate": 0.02147221985048573
}