{
  "filename": "Falling [dmvPkL4dr9Q].wav",
  "bitrate": 1411200,
  "duration": 259.2929024943311,
  "sample_rate": 44100,
  "tempo": 0.0,
  "key": "D#",
  "spectral_centroid": 2753.5429497179307,
  "spectral_bandwidth": 3836.7673260121005,
  "spectral_rolloff": 6337.233056592527,
  "rms": 0.17058004438877106,
  "zero_crossing_rate": 0.04350663768665487
}