{
  "filename": "Friended [SVuOI1Xj4pw].wav",
  "bitrate": 1411200,
  "duration": 269.1657369614513,
  "sample_rate": 44100,
  "tempo": 0.0,
  "key": "F",
  "spectral_centroid": 2292.0526279030014,
  "spectral_bandwidth": 2865.427782825068,
  "spectral_rolloff": 4663.2122651364025,
  "rms": 0.21401643753051758,
  "zero_crossing_rate": 0.0431686957488678
}