{
  "filename": "Kylian Mbappe (Houston) [tQ8zqN65w5U].wav",
  "bitrate": 1411200,
  "duration": 146.66666666666666,
  "sample_rate": 44100,
  "tempo": 0.0,
  "key": "D#",
  "spectral_centroid": 3054.8527882637063,
  "spectral_bandwidth": 3077.064022084812,
  "spectral_rolloff": 5681.613967232397,
  "rms": 0.1633421629667282,
  "zero_crossing_rate": 0.08237041472482783
}