{
  "filename": "Kylian Mbappe [wHyWd-zUp7c].wav",
  "bitrate": 1411200,
  "duration": 132.0,
  "sample_rate": 44100,
  "tempo": 0.0,
  "key": "F#",
  "spectral_centroid": 3149.367829329353,
  "spectral_bandwidth": 3352.110588004437,
  "spectral_rolloff": 6153.920524818602,
  "rms": 0.12084941565990448,
  "zero_crossing_rate": 0.07895099837840809
}