{
  "filename": "Kylian Mbappe (Boston) [ySxBGpF9jqc].wav",
  "bitrate": 1411200,
  "duration": 104.76192743764172,
  "sample_rate": 44100,
  "tempo": 0.0,
  "key": "A#",
  "spectral_centroid": 4435.36931172386,
  "spectral_bandwidth": 3945.912290139739,
  "spectral_rolloff": 8333.676520814286,
  "rms": 0.15201503038406372,
  "zero_crossing_rate": 0.12629353408272384
}