{
  "filename": "Love Dreams [xxlTAYf-t1o].wav",
  "bitrate": 1411200,
  "duration": 280.05879818594104,
  "sample_rate": 44100,
  "tempo": 0.0,
  "key": "C",
  "spectral_centroid": 2429.0657917639796,
  "spectral_bandwidth": 3093.120281588561,
  "spectral_rolloff": 5477.2593862217855,
  "rms": 0.282145619392395,
  "zero_crossing_rate": 0.03952596539739046
}