{
  "filename": "Magnetism [ok72CYJZd0k].wav",
  "bitrate": 1411200,
  "duration": 318.15839002267575,
  "sample_rate": 44100,
  "tempo": 0.0,
  "key": "G#",
  "spectral_centroid": 2442.4664946639978,
  "spectral_bandwidth": 3534.16831579163,
  "spectral_rolloff": 5602.967112180248,
  "rms": 0.16833795607089996,
  "zero_crossing_rate": 0.03923588581388666
}