{
  "filename": "Michelin Chef [fXxEqOINW8E].wav",
  "bitrate": 1411200,
  "duration": 203.49598639455783,
  "sample_rate": 44100,
  "tempo": 0.0,
  "key": "C#",
  "spectral_centroid": 2174.2158265829185,
  "spectral_bandwidth": 3008.864688181588,
  "spectral_rolloff": 4550.22208606854,
  "rms": 0.15420055389404297,
  "zero_crossing_rate": 0.033583598831155866
}