{
  "filename": "New Font [czYj2TxIRH8].wav",
  "bitrate": 1411200,
  "duration": 116.49598639455782,
  "sample_rate": 44100,
  "tempo": 0.0,
  "key": "E",
  "spectral_centroid": 2610.911450287835,
  "spectral_bandwidth": 3206.7777534432485,
  "spectral_rolloff": 5593.703886981502,
  "rms": 0.206856369972229,
  "zero_crossing_rate": 0.046920689695440956
}