{
  "filename": "Taste It [dpD_8-E1iC4].wav",
  "bitrate": 1411200,
  "duration": 178.9091156462585,
  "sample_rate": 44100,
  "tempo": 0.0,
  "key": "F",
  "spectral_centroid": 2178.5416583273027,
  "spectral_bandwidth": 3083.335604993979,
  "spectral_rolloff": 4818.0856396516065,
  "rms": 0.21538834273815155,
  "zero_crossing_rate": 0.03195960795546723
}