{
  "filename": "Zepeto [9LaebRCA3WM].wav",
  "bitrate": 1411200,
  "duration": 197.0155328798186,
  "sample_rate": 44100,
  "tempo": 0.0,
  "key": "F",
  "spectral_centroid": 1787.8450752118304,
  "spectral_bandwidth": 2635.1920124686276,
  "spectral_rolloff": 3721.0428185538817,
  "rms": 0.2426537126302719,
  "zero_crossing_rate": 0.02911117274970536
}