{
    "duration": 204.30365625,
    "tempo": 93.75,
    "time_signature": "2/4",
    "key": "D# major",
    "spectral_centroid": 1884.971093917668,
    "spectral_bandwidth": 2692.851153700056,
    "spectral_rolloff": 3905.8890183256326,
    "rms": 0.23914609849452972,
    "zero_crossing_rate": 0.037953246143002585,
    "mfcc": [
        -155.26768493652344,
        148.8027801513672,
        40.278228759765625,
        21.52135467529297,
        -2.5761518478393555,
        1.5563538074493408,
        -17.113815307617188,
        2.2473297119140625,
        -2.584153890609741,
        2.242359161376953,
        6.830874443054199,
        10.52936840057373,
        1.8374994993209839
    ],
    "chroma": [
        0.4890672564506531,
        0.6144485473632812,
        0.5569735169410706,
        0.4596315324306488,
        0.6322782635688782,
        0.4985504150390625,
        0.529992938041687,
        0.3985678553581238,
        0.4320439398288727,
        0.5315812826156616,
        0.4411928355693817,
        0.4803817570209503
    ],
    "spectral_contrast": [
        19.725627906696836,
        11.479782799412614,
        15.148045187758703,
        19.511975595717033,
        17.352034714630197,
        18.19677504635224,
        20.75103862342474
    ],
    "tonnetz": [
        0.06643738393865231,
        -0.023079037683744592,
        -0.05073962875273045,
        -0.020873277597345242,
        -0.003655665621621693,
        0.006503103460021199
    ],
    "chord_progression": [
        "Dm",
        "D",
        "Dm",
        "D",
        "Dm",
        "D",
        "Bm",
        "F#m",
        "Bm",
        "C",
        "D",
        "Gm",
        "C",
        "C#m",
        "C#",
        "A#",
        "Gm",
        "A#",
        "Dm",
        "D",
        "Dm",
        "D",
        "Dm",
        "D",
        "Bm",
        "F#m",
        "Bm",
        "C",
        "D",
        "Gm",
        "C",
        "C#m",
        "C#",
        "A#",
        "Gm",
        "A#",
        "A",
        "D#",
        "D",
        "Dm",
        "D#m",
        "Bm",
        "A",
        "G#",
        "A",
        "D",
        "C",
        "G#",
        "D",
        "Dm",
        "C#m",
        "Fm",
        "A",
        "Bm",
        "C#m",
        "Gm",
        "A",
        "Bm",
        "D",
        "Em",
        "A",
        "D#",
        "A",
        "D",
        "Gm",
        "D",
        "A",
        "D#",
        "D",
        "A",
        "D#",
        "D",
        "C",
        "D",
        "Dm",
        "D#m",
        "Dm",
        "A",
        "D#",
        "A",
        "D#",
        "G#",
        "Bm",
        "Dm",
        "C#m",
        "Fm",
        "A",
        "Em",
        "C#m",
        "Gm",
        "A",
        "Em",
        "D",
        "C#m",
        "D",
        "Bm",
        "D#",
        "D",
        "C",
        "Gm",
        "Em",
        "G",
        "Em",
        "D#",
        "D",
        "Gm",
        "A",
        "D",
        "D#",
        "D",
        "Dm",
        "D#m",
        "C#",
        "C#m",
        "A",
        "D#",
        "D",
        "Dm",
        "D#m",
        "Dm",
        "D#m",
        "C#m",
        "D#m",
        "F",
        "A",
        "D",
        "C#m",
        "Gm",
        "A",
        "Bm",
        "C#m",
        "Em",
        "A",
        "D#",
        "A",
        "D",
        "C",
        "D",
        "Gm",
        "D#",
        "D",
        "A",
        "D",
        "D#",
        "D",
        "C",
        "D#m",
        "Dm",
        "A",
        "D#",
        "A",
        "D#",
        "G#",
        "D",
        "A#",
        "Dm",
        "C#m",
        "D#m",
        "Am",
        "A",
        "C#m",
        "C#",
        "C#m",
        "A#",
        "A",
        "Bm",
        "C#m",
        "Em",
        "D#",
        "D",
        "Gm",
        "D#",
        "G#",
        "A",
        "D",
        "D#",
        "D",
        "Dm",
        "C#",
        "C#m",
        "A",
        "D#",
        "A",
        "D",
        "G#",
        "D",
        "Bm",
        "Dm",
        "C#m",
        "D#m",
        "F",
        "A",
        "Em",
        "C#m",
        "A#",
        "A",
        "Bm",
        "C#m",
        "Em",
        "A",
        "D#",
        "D",
        "Em",
        "Bm",
        "D",
        "C",
        "Gm",
        "A",
        "D#",
        "G#",
        "A",
        "D",
        "D#",
        "D",
        "Dm",
        "C#m",
        "A",
        "D#",
        "D",
        "D#",
        "D",
        "Dm",
        "C#m",
        "D#m",
        "F",
        "Gm",
        "A",
        "Em",
        "C#m",
        "Gm",
        "A#",
        "A",
        "Bm",
        "C#m",
        "A",
        "D#",
        "C",
        "A",
        "D#",
        "G#",
        "A",
        "Gm",
        "D#",
        "D",
        "Em",
        "Dm",
        "Cm",
        "Dm",
        "C",
        "A",
        "D#",
        "A",
        "D#",
        "G#",
        "A#",
        "D",
        "Dm",
        "C#m",
        "Cm",
        "A",
        "C#m",
        "Gm",
        "A#",
        "A",
        "Bm",
        "C#m",
        "A",
        "D#",
        "A",
        "D#",
        "D",
        "Gm",
        "A",
        "Bm",
        "D#",
        "G#",
        "Gm",
        "D#",
        "D",
        "Gm",
        "A",
        "C",
        "D#m",
        "Cm",
        "Dm",
        "Bm",
        "A",
        "D#",
        "G#",
        "C",
        "A",
        "A#",
        "Dm",
        "D#m",
        "Dm",
        "Cm",
        "Fm",
        "A",
        "Bm",
        "C#m",
        "Gm",
        "A",
        "Bm",
        "A",
        "Gm",
        "G",
        "D#",
        "D",
        "C",
        "Gm",
        "A",
        "D",
        "Gm",
        "A",
        "Bm",
        "D",
        "D#",
        "D",
        "Dm",
        "C#m",
        "A",
        "D#",
        "A",
        "D#",
        "D",
        "C",
        "D",
        "Dm",
        "C#m",
        "D#m",
        "F",
        "A",
        "Em",
        "C#",
        "C#m",
        "Gm",
        "A",
        "Bm",
        "C#m",
        "A",
        "D#",
        "D",
        "E",
        "D",
        "Gm",
        "D#",
        "G#",
        "A",
        "D#",
        "D",
        "Em",
        "C#",
        "Dm",
        "C#m",
        "A",
        "D#",
        "A",
        "D#",
        "G#",
        "D",
        "Dm",
        "C#m",
        "D#m",
        "Am",
        "A",
        "Bm",
        "Em",
        "C#m",
        "A#",
        "A",
        "D",
        "D#",
        "C",
        "E",
        "D",
        "Gm",
        "D#",
        "G#",
        "G",
        "A",
        "D",
        "D#",
        "D",
        "Em",
        "Dm",
        "C#",
        "C#m",
        "A",
        "D#",
        "D",
        "D#",
        "D",
        "Dm",
        "C#m",
        "Dm",
        "D#m",
        "F",
        "A",
        "C#m",
        "C#",
        "C#m",
        "A#",
        "A",
        "Bm",
        "C#m",
        "A",
        "D#",
        "A",
        "D#",
        "D",
        "C",
        "D",
        "A",
        "D#",
        "G#",
        "D",
        "A",
        "D",
        "D#",
        "D",
        "C",
        "D#m",
        "Dm",
        "C",
        "A",
        "D#",
        "G#",
        "D",
        "Dm",
        "D#m",
        "Dm",
        "C#m",
        "Cm",
        "D#m",
        "D#",
        "Am",
        "A",
        "Bm",
        "Em",
        "C#m",
        "A#",
        "A",
        "Bm",
        "E",
        "Em",
        "A",
        "D#",
        "D",
        "D#",
        "D",
        "A",
        "D#",
        "C",
        "G#",
        "D",
        "Gm",
        "F",
        "D",
        "Dm",
        "D",
        "Dm",
        "Em",
        "G",
        "Dm",
        "G",
        "Dm",
        "G",
        "Dm",
        "G",
        "C#",
        "G",
        "C#",
