{
    "filename": "Sunday Blues (Bonus) [l9pkSqWFoUc].wav",
    "bitrate": 1411200,
    "duration": 199.8367573696145,
    "sample_rate": 44100,
    "tempo": 0.0,
    "key": "C",
    "spectral_centroid": 2437.516282205437,
    "spectral_bandwidth": 2847.9405562512497,
    "spectral_rolloff": 4831.427540571624,
    "rms": 0.24776266515254974,
    "zero_crossing_rate": 0.053122946228867714
}