{
    "duration": 318.158375,
    "tempo": 163.04347826086956,
    "time_signature": "2/4",
    "key": "B minor",
    "spectral_centroid": 2122.595338437221,
    "spectral_bandwidth": 3099.6600152825363,
    "spectral_rolloff": 4702.208794317325,
    "rms": 0.1686609983444214,
    "zero_crossing_rate": 0.04490227990633643,
    "mfcc": [
        -198.2572479248047,
        132.7507781982422,
        49.335575103759766,
        10.069897651672363,
        1.7329920530319214,
        7.230569362640381,
        -7.538910388946533,
        5.240917205810547,
        -8.931965827941895,
        -6.205320358276367,
        -4.083366870880127,
        -2.7053587436676025,
        -10.17778491973877
    ],
    "chroma": [
        0.30195555090904236,
        0.46473073959350586,
        0.3244461417198181,
        0.4475501775741577,
        0.4402162432670593,
        0.31399738788604736,
        0.38397589325904846,
        0.3676570951938629,
        0.5033761262893677,
        0.3640509843826294,
        0.23777493834495544,
        0.21929201483726501
    ],
    "spectral_contrast": [
        16.871997022340437,
        13.179551195821595,
        19.448043226607968,
        19.987491777884347,
        19.029047608019994,
        19.606139339182594,
        19.19899013057041
    ],
    "tonnetz": [
        -0.037607208240206226,
        -0.1634837248408789,
        -0.10676442909843403,
        0.0954842995038232,
        0.008448311874979363,
        0.030804322902459783
    ],
    "chord_progression": [],
    "chromagram_path": "/Users/blblackboyzeusackboyzeus/BBZ(AiArtist)/music_generator/Magnetism [ok72CYJZd0k]/visuals/chromagram.png",
    "waveform_path": "error",
    "spectrogram_path": "visuals/spectrogram.png"
}