{
    "filename": "Kobe Era [lV5enN6aqNw].wav",
    "bitrate": 1411200,
    "duration": 274.5992063492063,
    "sample_rate": 44100,
    "tempo": 0.0,
    "key": "B",
    "spectral_centroid": 2427.701315500951,
    "spectral_bandwidth": 3099.136732484743,
    "spectral_rolloff": 4962.717349460824,
    "rms": 0.24023476243019104,
    "zero_crossing_rate": 0.045778065117268424
}