{
    "duration": 280.05878125,
    "tempo": 133.92857142857142,
    "time_signature": "2/4",
    "key": "C# major",
    "spectral_centroid": 2234.0434791561484,
    "spectral_bandwidth": 2874.4616503837915,
    "spectral_rolloff": 5128.986588779708,
    "rms": 0.27874138951301575,
    "zero_crossing_rate": 0.046119954947797644,
    "mfcc": [
        -148.0605926513672,
        121.49043273925781,
        43.362972259521484,
        44.64735794067383,
        5.696537494659424,
        20.41619110107422,
        -14.490021705627441,
        2.731477737426758,
        -0.39495643973350525,
        0.007356033660471439,
        1.2271860837936401,
        8.696969032287598,
        -0.8494783639907837
    ],
    "chroma": [
        0.5714757442474365,
        0.5529823899269104,
        0.45209813117980957,
        0.44546791911125183,
        0.4718259572982788,
        0.4467880129814148,
        0.5219538807868958,
        0.4418811500072479,
        0.4908946454524994,
        0.58537757396698,
        0.5607708692550659,
        0.6586976051330566
    ],
    "spectral_contrast": [
        19.65517906005778,
        11.367368910229585,
        18.105094413333447,
        20.052202598759223,
        18.420797254155758,
        18.15424968942078,
        21.66601855054042
    ],
    "tonnetz": [
        0.04820811585701074,
        -0.16789799437117742,
        0.053314519010321824,
        0.0012150041622433353,
        -0.04173295539134565,
        0.011892588351585244
    ],
    "chord_progression": [
        "C",
        "Fm",
        "A#",
        "Fm",
        "A#",
        "Gm",
        "C#",
        "Em",
        "D",
        "Gm",
        "Cm",
        "A#",
        "Fm",
        "A#",
        "Fm",
        "A#",
        "Cm",
        "C#",
        "Gm",
        "Em",
        "F#m",
        "E",
        "G#m",
        "F#m",
        "G#m",
        "E",
        "A#",
        "Em",
        "C#",
        "Em",
        "D",
        "Gm",
        "Cm",
        "A#",
        "C#",
        "Gm",
        "C#",
        "Em",
        "Bm",
        "G#m",
        "F#m",
        "G#m",
        "G",
        "E",
        "A#m",
        "A#",
        "D#m",
        "Dm",
        "Bm",
        "A#m",
        "C#m",
        "Gm",
        "A#",
        "Gm",
        "D",
        "A#",
        "D",
        "Dm",
        "Em",
        "C#m",
        "Fm",
        "C#",
        "D",
        "Gm",
        "D",
        "G",
        "A#",
        "Gm",
        "C",
        "Gm",
        "D",
        "Em",
        "D#m",
        "D",
        "D#m",
        "D",
        "A#",
        "D",
        "C",
        "Cm",
        "G#",
        "A",
        "C#",
        "G",
        "A#",
        "Gm",
        "D",
        "A#",
        "D",
        "C#",
        "Gm",
        "D",
        "A#",
        "C#",
        "Dm",
        "A#",
        "Em",
        "C#m",
        "C#",
        "C#m",
        "C#",
        "D",
        "D#m",
        "D",
        "G",
        "C",
        "A#",
        "C#",
        "A#",
        "C#",
        "A#",
        "Gm",
        "Em",
        "Gm",
        "D",
        "A#",
        "D",
        "A#",
        "Em",
        "C#m",
        "Em",
        "G",
        "D",
        "G",
        "A#",
        "Gm",
        "A#",
        "D",
        "A#",
        "Gm",
        "C#m",
        "A#",
        "D",
        "A#",
        "D",
        "Em",
        "A#",
        "G#",
        "A#",
        "C#m",
        "Am",
        "C#",
        "D",
        "Gm",
        "D",
        "G",
        "A#",
        "C#",
        "A#",
        "Gm",
        "D",
        "Gm",
        "D",
        "A#",
        "F",
        "D",
        "A#",
        "C#",
        "C#m",
        "Gm",
        "A#",
        "Gm",
        "Em",
        "C#",
        "G",
        "C",
        "A#",
        "D",
        "Gm",
        "C#",
        "Gm",
        "D",
        "A#",
        "C",
        "Dm",
        "C#",
        "Em",
        "C#m",
        "A#",
        "C#m",
        "A",
        "Em",
        "D",
        "G",
        "A#",
        "D",
        "Gm",
        "Em",
        "Gm",
        "Bm",
        "D",
        "A#",
        "F",
        "D",
        "A#",
        "Em",
        "C#",
        "Em",
        "C#m",
        "Em",
        "C#",
        "A#",
        "Am",
        "C#",
        "Em",
        "D",
        "Gm",
        "C",
        "A#",
        "Fm",
        "A#",
        "Em",
        "C#",
        "Em",
        "C#m",
        "G#m",
        "A#",
        "Fm",
        "A#",
        "Fm",
        "A#",
        "Fm",
        "A#",
        "Gm",
        "Am",
        "C#",
        "Em",
        "C#",
        "Em",
        "Gm",
        "A#",
        "G#",
        "C#",
        "Em",
        "F#m",
        "G#m",
        "E",
        "C",
        "G",
        "A#",
        "Em",
        "D",
        "A#",
        "Gm",
        "A#",
        "Cm",
        "A#",
        "D",
        "A#",
        "D",
        "Em",
        "C#",
        "Em",
        "A#",
        "C#m",
        "C",
        "A#",
        "C#",
        "D",
        "Gm",
        "A#",
        "G",
        "A#",
        "Gm",
        "C#",
        "Gm",
        "A#",
        "Fm",
        "D",
        "A#",
        "D",
        "C#",
        "D",
        "A#",
        "D",
        "A#",
        "Fm",
        "Bm",
        "D",
        "C#",
        "G",
        "A#",
        "G",
        "A#",
        "D",
        "C",
        "D",
        "A#",
        "D",
        "A",
        "C#",
        "D",
        "Gm",
        "D",
        "A#",
        "Dm",
        "A#",
        "G#",
        "A#",
        "Gm",
        "Am",
        "E",
        "C#m",
        "Em",
        "C#",
        "Gm",
        "D",
        "G",
        "A#",
        "Gm",
        "D",
        "Gm",
        "F#m",
        "D",
        "C#",
        "A#",
        "C#",
        "Gm",
        "D",
        "Gm",
        "A#",
        "C#",
        "C#m",
        "Fm",
        "A",
        "D#m",
        "G",
        "A#",
        "Fm",
        "A#",
        "Gm",
        "D",
        "Em",
        "C#",
        "Gm",
        "D",
        "Gm",
        "A#",
        "Fm",
        "A#",
        "G",
        "C#",
        "Gm",
        "D",
        "F#m",
        "G#m",
        "F#m",
        "C",
        "A#",
        "Fm",
        "A#",
        "Gm",
        "C#",
        "Em",
        "A#",
        "Gm",
        "D",
        "A#",
        "D",
        "A#",
        "C",
        "A#",
        "G",
        "Em",
        "C#",
        "Gm",
        "D",
        "F#m",
        "G#m",
        "Fm",
        "A#",
        "G#",
        "Gm",
        "Am",
        "C#",
        "Em",
        "Am",
        "Em",
        "A#",
        "Gm",
        "A#",
        "G#",
        "C#",
        "Em",
        "F#m",
        "G#m",
        "F#m",
        "G#m",
        "E",
        "Fm",
        "A#",
        "C#",
        "Em",
        "C#",
        "Gm",
        "A#",
        "Gm",
        "A#",
        "Cm",
        "A#",
        "C#m",
        "C#",
        "C#m",
        "Em",
        "A",
        "G#m",
        "E",
        "G",
        "A#",
        "Fm",
        "A#",
        "Fm",
        "A#",
        "Gm",
        "C#",
        "Em",
        "F",
        "A#",
        "D",
        "Gm",
        "D",
        "A#",
        "Fm",
        "A#",
        "Fm",
        "G",
        "Em",
        "C#",
        "Gm",
        "D",
        "E",
        "G#m",
        "C#",
        "D",
        "C",
        "A#",
        "Fm",
        "A#",
        "Gm",
        "C#",
        "C#m",
        "C#",
        "C#m",
        "C#",
        "Em",
        "Gm",
        "A#",
        "D",
        "Gm",
        "D",
        "A#",
        "Gm",
        "C#",
        "Gm",
        "D",
        "F#m",
        "G#m",
        "F#m",
        "G",
        "A#",
        "G#",
        "Fm",
        "A#",
        "D",
        "Gm",
        "Em",
