{
    "duration": 274.5991875,
    "tempo": 170.45454545454547,
    "time_signature": "4/4",
    "key": "G# minor",
    "spectral_centroid": 2176.559035859263,
    "spectral_bandwidth": 2820.692817177489,
    "spectral_rolloff": 4448.144263823341,
    "rms": 0.23781909048557281,
    "zero_crossing_rate": 0.05175505288447532,
    "mfcc": [
        -133.51089477539062,
        131.14749145507812,
        13.026847839355469,
        21.195457458496094,
        11.243171691894531,
        6.976248264312744,
        1.0603001117706299,
        5.401839256286621,
        -3.128019332885742,
        5.2107367515563965,
        2.794890880584717,
        -0.5503084063529968,
        -3.8514537811279297
    ],
    "chroma": [
        0.4671870768070221,
        0.3967592716217041,
        0.4740196764469147,
        0.4320951998233795,
        0.43841496109962463,
        0.3682040274143219,
        0.4027445912361145,
        0.45227786898612976,
        0.418795108795166,
        0.4909619390964508,
        0.4904247522354126,
        0.6614746451377869
    ],
    "spectral_contrast": [
        20.117272558346503,
        13.216466675377104,
        17.37318665603134,
        19.489569970163565,
        19.351751963849132,
        20.1539685985699,
        20.934921237720637
    ],
    "tonnetz": [
        0.030400287981474608,
        -0.0018194032641855,
        0.09529825951545919,
        0.019340505242440614,
        -0.00706941824578545,
        0.018506985022612353
    ],
    "chord_progression": [
        "Gm",
        "C",
        "E",
        "G#",
        "A#",
        "D",
        "A#",
        "C",
        "A#",
        "C",
        "E",
        "A#",
        "G#",
        "A#",
        "G#",
        "A#",
        "G#",
        "A#",
        "E",
        "C",
        "A#",
        "G#",
        "A#",
        "C",
        "A#",
        "C",
        "A",
        "C",
        "A#",
        "A",
        "A#",
        "Em",
        "Gm",
        "E",
        "Cm",
        "C",
        "Cm",
        "C",
        "Cm",
        "G#",
        "A",
        "Cm",
        "Fm",
        "A#",
        "G#",
        "A#",
        "G#",
        "Fm",
        "G#",
        "A#",
        "Cm",
        "C",
        "Cm",
        "C",
        "Cm",
        "Fm",
        "D#",
        "Fm",
        "Bm",
        "Fm",
        "A#",
        "Fm",
        "G#",
        "C#m",
        "A#",
        "A",
        "C#m",
        "G#m",
        "C#m",
        "E",
        "Cm",
        "A",
        "Cm",
        "A",
        "C",
        "A",
        "Cm",
        "G",
        "Fm",
        "A#",
        "G#",
        "A#",
        "G#",
        "A#",
        "G#",
        "Fm",
        "G#",
        "A#",
        "G#",
        "A",
        "E",
        "A",
        "E",
        "C",
        "G",
        "Cm",
        "A",
        "G#",
        "A#",
        "G#",
        "A",
        "A#",
        "C#m",
        "C",
        "C#m",
        "A#",
        "Fm",
        "C#m",
        "Cm",
        "C",
        "Cm",
        "C",
        "F",
        "D",
        "G#",
        "A#",
        "Fm",
        "G#m",
        "A#m",
        "G#m",
        "A#m",
        "Cm",
        "C",
        "G#",
        "D",
        "A#m",
        "G#m",
        "A#m",
        "G#m",
        "D#m",
        "Dm",
        "D",
        "D#m",
        "A#",
        "D#m",
        "Cm",
        "C",
        "G#",
        "F",
        "D",
        "D#",
        "G#",
        "A#",
        "Am",
        "A#",
        "Fm",
        "G#m",
        "A#m",
        "G#m",
        "A#m",
        "Cm",
        "C",
        "G#",
        "D",
        "A#m",
        "G#m",
        "D#m",
        "D",
        "C#m",
        "D#m",
        "A#",
        "D#m",
        "C#m",
        "Cm",
        "E",
        "C",
        "A#m",
        "Dm",
        "D",
        "G#",
        "D",
        "F",
        "A#",
        "F",
        "Dm",
        "G#",
        "F",
        "D",
        "G#m",
        "D#m",
        "A#m",
        "G#m",
        "A#m",
        "G#m",
        "Fm",
        "A",
        "E",
        "G#",
        "E",
        "C",
        "Fm",
        "Cm",
        "D#",
        "D",
        "G#",
        "G#m",
        "A#m",
        "D#m",
        "D",
        "A#m",
        "G#m",
        "A#m",
        "D#m",
        "D#",
        "A",
        "G",
        "D#",
        "A",
        "Fm",
        "Cm",
        "D#m",
        "A#m",
        "D",
        "A#",
        "D",
        "A#",
        "D",
        "G#m",
        "A#m",
        "G#m",
        "A#m",
        "Cm",
        "E",
        "Fm",
        "Cm",
        "C",
        "F#m",
        "Fm",
        "D#",
        "D",
        "G#m",
        "A#m",
        "Dm",
        "D",
        "G#m",
        "A#m",
        "G#m",
        "D#m",
        "Cm",
        "C",
        "G#",
        "D",
        "F",
        "G#",
        "A#",
        "Fm",
        "A#m",
        "G#m",
        "A#m",
        "Cm",
        "C",
        "F",
        "D",
        "A#m",
        "G#m",
        "A#m",
        "G#m",
        "D#m",
        "Dm",
        "D",
        "C#m",
        "D#m",
        "A#",
        "D#m",
        "A#",
        "E",
        "Cm",
        "C",
        "Cm",
        "C",
        "G#",
        "D",
        "G#",
        "A#",
        "Fm",
        "G#m",
        "A#m",
        "G#m",
        "A#m",
        "Cm",
        "C",
        "Cm",
        "C",
        "G#",
        "F",
        "G#",
        "A#m",
        "G#m",
        "D#m",
        "Dm",
        "D#m",
        "C#m",
        "D#m",
        "A#",
        "D#m",
        "A#",
        "Cm",
        "C",
        "A",
        "Cm",
        "G",
        "Fm",
        "A#",
        "G#",
        "Fm",
        "G#",
        "A#",
        "G#",
        "A#",
        "G#",
        "A#",
        "Cm",
        "C",
        "Cm",
        "A",
        "Cm",
        "G",
        "A",
        "Bm",
        "A",
        "C#m",
        "Fm",
        "C",
        "A",
        "A#",
        "A",
        "C#m",
        "G#m",
        "C#m",
        "E",
        "Cm",
        "C",
        "Cm",
        "A",
        "E",
        "Cm",
        "C",
        "G",
        "Fm",
        "A#",
        "Fm",
        "A#",
        "G#",
        "A#",
        "G#",
        "Fm",
        "G#",
        "Fm",
        "G#",
        "Cm",
        "C",
        "Cm",
        "G#",
        "A#",
        "Fm",
        "C",
        "A",
        "C#m",
        "G#",
        "Fm",
        "A#",
        "C#m",
        "Cm",
        "C",
        "G#",
        "F",
        "D",
        "G#",
        "Fm",
        "A#",
        "Fm",
        "G#m",
        "A#m",
        "D#m",
        "G#m",
        "A#m",
        "Cm",
        "C",
        "Cm",
        "C",
        "G#",
        "F",
        "D",
        "D#",
        "A#m",
        "G#m",
        "A#m",
        "G#m",
        "D#",
        "D#m",
        "D",
        "D#m",
        "A#",
        "D#m",
        "A#",
        "D#m",
        "E",
        "Cm",
        "C",
        "Cm",
        "C",
        "G#",
        "F",
        "D",
        "G#",
        "A#",
        "Fm",
        "G#m",
        "A#m",
        "G#m",
        "A#m",
        "Cm",
        "C",
        "G#",
        "D",
        "A#m",
        "G#m",
        "A#m",
        "D#m",
        "D#",
        "D#m",
        "Dm",
        "D#m",
        "A#",
        "D#m",
        "Cm",
        "C",
        "Fm",
        "A#m",
        "Dm",
        "D",
        "A#",
        "Fm",
        "Bm",
        "F#m",
        "G#m",
        "A#m",
        "G#m",
        "A#m",
        "Cm",
        "C",
        "G#m",
        "G#",
        "C",
        "Cm",
        "C",
        "Cm",
        "D",
        "G#m",
        "A#m",
        "G#m",
        "A#m",
        "D",
        "D#m",
        "D#",
        "Fm",
        "D#m",
        "C#m",
        "Cm",
        "C",
        "C#m",
        "C#",
        "Cm",
