{
    "duration": 186.906125,
    "tempo": 150.0,
    "time_signature": "2/4",
    "key": "F minor",
    "spectral_centroid": 1763.0467347348447,
    "spectral_bandwidth": 2495.0739374652258,
    "spectral_rolloff": 3488.5895501626433,
    "rms": 0.19327598810195923,
    "zero_crossing_rate": 0.039190693682053586,
    "mfcc": [
        -216.7226104736328,
        115.96839904785156,
        37.73522186279297,
        28.85710906982422,
        8.468948364257812,
        10.211746215820312,
        -6.825292587280273,
        2.4435718059539795,
        -4.211681842803955,
        -1.22901451587677,
        0.33858582377433777,
        3.9955954551696777,
        -3.0750820636749268
    ],
    "chroma": [
        0.38827964663505554,
        0.38800695538520813,
        0.49888935685157776,
        0.4946587383747101,
        0.37448880076408386,
        0.39295995235443115,
        0.43746232986450195,
        0.5555733442306519,
        0.4661049544811249,
        0.3939305245876312,
        0.46285387873649597,
        0.410749226808548
    ],
    "spectral_contrast": [
        18.869985441031247,
        14.538987629802946,
        17.72999169982589,
        20.099782317675935,
        18.878372085183837,
        17.461418550430302,
        18.648504373740437
    ],
    "tonnetz": [
        -0.03369764366917431,
        0.08077276739221842,
        0.05340036182220914,
        0.055940082491611635,
        -0.0031136784167015512,
        0.009388154557081524
    ],
    "chord_progression": [
        "C#m",
        "G#",
        "D",
        "C#m",
        "Dm",
        "F",
        "Cm",
        "Fm",
        "C#m",
        "Cm",
        "G#m",
        "Cm",
        "A#m",
        "G#m",
        "C#",
        "Am",
        "D#",
        "A#m",
        "G#",
        "D#",
        "C",
        "G",
        "A#m",
        "Dm",
        "F",
        "G#m",
        "Cm",
        "A#m",
        "G#m",
        "C#",
        "Am",
        "D#",
        "A#m",
        "G#",
        "D#",
        "C",
        "G",
        "A#m",
        "Dm",
        "F",
        "D#",
        "D",
        "E",
        "G#m",
        "C#",
        "D#",
        "D",
        "D#m",
        "G#",
        "C#m",
        "C",
        "Cm",
        "D#",
        "A",
        "Em",
        "C#m",
        "D#",
        "Bm",
        "G",
        "E",
        "G#m",
        "C#",
        "G#m",
        "D#",
        "D",
        "D#m",
        "D",
        "G#",
        "C#m",
        "A",
        "C",
        "Cm",
        "C#",
        "E",
        "D#",
        "G",
        "A",
        "F",
        "D#",
        "Bm",
        "A",
        "E",
        "G#m",
        "C#",
        "D#",
        "D",
        "G#",
        "C#m",
        "E",
        "C",
        "Cm",
        "G",
        "C#",
        "D#",
        "G",
        "F",
        "D#",
        "A",
        "G",
        "E",
        "G#m",
        "C#",
        "D#",
        "D",
        "D#m",
        "Gm",
        "G#",
        "C#m",
        "C",
        "Cm",
        "Dm",
        "C#",
        "E",
        "D#",
        "A",
        "Em",
        "F",
        "D#",
        "A",
        "D#",
        "G#m",
        "A#m",
        "G#m",
        "G#",
        "Fm",
        "C#",
        "G",
        "E",
        "Dm",
        "G",
        "Dm",
        "Cm",
        "D",
        "G#",
        "D#",
        "E",
        "G#",
        "C",
        "G#",
        "C#",
        "Dm",
        "C#",
        "G#m",
        "D",
        "F",
        "C#m",
        "D",
        "G#m",
        "E",
        "Cm",
        "G#",
        "Cm",
        "D#",
        "Fm",
        "G",
        "Dm",
        "G#m",
        "Dm",
        "C#",
        "D#",
        "D",
        "D#",
        "G#",
        "C#m",
        "A",
        "D#",
        "G#",
        "C",
        "C#",
        "C",
        "Cm",
        "Dm",
        "D",
        "Dm",
        "D#",
        "D",
        "F",
        "D#",
        "Fm",
        "G#m",
        "A#m",
        "G#m",
        "Fm",
        "G",
        "C#",
        "D#",
        "Dm",
        "G",
        "D",
        "G#",
        "D",
        "G#",
        "D",
        "E",
        "G",
        "G#",
        "Cm",
        "G#",
        "D",
        "Dm",
        "G",
        "Dm",
        "D",
        "D#",
        "D",
        "F",
        "Am",
        "D",
        "E",
        "G#m",
        "D",
        "Cm",
        "D#",
        "Cm",
        "G",
        "C#",
        "G",
        "G#m",
        "D#",
        "C#m",
        "A#m",
        "G#",
        "D#",
        "D",
        "D#",
        "C",
        "G",
        "Dm",
        "G",
        "F#m",
        "G#m",
        "D",
        "D#",
        "G#m",
        "D#",
        "Dm",
        "A",
        "G#m",
        "G#",
        "D#",
        "Gm",
        "D#m",
        "D",
        "G#",
        "Am",
        "C#m",
        "Cm",
        "C",
        "Cm",
        "G",
        "Bm",
        "F",
        "Fm",
        "A#",
        "F",
        "D#",
        "Dm",
        "G",
        "A",
        "G#m",
        "G#",
        "D#",
        "D#m",
        "G#",
        "C#m",
        "Cm",
        "C",
        "Cm",
        "G",
        "Em",
        "Bm",
        "D#m",
        "Fm",
        "Am",
        "F",
        "A#m",
        "D#m",
        "D",
        "E",
        "G#m",
        "C#",
        "Fm",
        "D#",
        "D",
        "D#m",
        "G#",
        "D#",
        "C#m",
        "C",
        "Cm",
        "G",
        "D#",
        "E",
        "D#",
        "A",
        "Em",
        "F",
        "D#",
        "A",
        "Bm",
        "G#m",
        "C#",
        "D#",
        "D",
        "D#m",
        "G#",
        "C#m",
        "C",
        "Cm",
        "C#",
        "E",
        "D#",
        "A",
        "D",
        "Dm",
        "D#m",
        "D#",
        "G#",
        "E",
        "G#m",
        "C#",
        "D#",
        "D",
        "D#m",
        "D",
        "G#",
        "C#m",
        "E",
        "C",
        "Cm",
        "G",
        "D#",
        "Em",
        "C#m",
        "D#",
        "A",
        "G",
        "E",
        "G#m",
        "C#",
        "D#",
        "D",
        "D#m",
        "G#",
        "C#m",
        "E",
        "C",
        "Cm",
        "G",
        "C#",
        "E",
        "D#",
        "A",
        "Em",
        "F",
        "D#",
        "Bm",
        "D",
        "E",
        "G#m",
        "C#",
        "D#",
        "D",
        "D#m",
        "F",
        "G#",
        "C#m",
        "C",
        "Cm",
        "C#",
        "E",
        "D#",
        "A",
        "G#",
        "D#",
        "A",
        "C#",
        "E",
        "G#m",
        "C#",
        "D#",
        "D",
        "A#",
        "G#",
        "A",
        "C#m",
        "C",
        "Cm",
        "C",
        "Cm",
        "Dm",
        "C#",
        "D#",
        "G",
        "G#",
        "D#",
        "D",
        "A",
        "D#",
        "G#m",
        "Cm",
        "G#m",
        "Fm",
        "C#",
        "Am",
        "G",
        "Am",
        "D#",
        "A#m",
        "G#",
        "D#",
        "C",
        "G",
        "F#m",
        "G#m",
        "D",
        "D#",
        "F#m",
        "G#m",
        "A#m",
        "G#",
        "D#",
        "D",
        "D#",
        "F#m",
        "G#m",
        "D#",
        "A#m",
        "G#",
        "D#",
        "A",
        "E",
        "C",
        "G",
        "F#m",
        "G#m",
        "D",
        "D#",
        "F#m",
        "G#m",
        "D#",
        "G#m",
        "A#m",
        "G",
        "Am",
        "D#",
        "Bm",
        "G#m",
        "A#m",
        "G#",
        "D#",
        "F#m",
        "D#",
        "C",
        "G",
        "C#",
        "F#m",
        "G#m",
        "D",
        "D#",
        "F#m",
        "G#m",
        "A#m",
        "G",
        "D#",
        "Bm",
