{
    "duration": 161.40046875,
    "tempo": 129.31034482758622,
    "time_signature": "2/4",
    "key": "E major",
    "spectral_centroid": 3045.320830628993,
    "spectral_bandwidth": 3391.4762924950196,
    "spectral_rolloff": 6335.869349722442,
    "rms": 0.21507516503334045,
    "zero_crossing_rate": 0.07266412019540543,
    "mfcc": [
        -141.4241943359375,
        96.69309997558594,
        24.992692947387695,
        24.430500030517578,
        4.911572456359863,
        17.654037475585938,
        -7.907906532287598,
        7.561683654785156,
        -6.578544616699219,
        -3.3810813426971436,
        -1.12287437915802,
        -2.756702423095703,
        -1.549997329711914
    ],
    "chroma": [
        0.37131258845329285,
        0.4057592749595642,
        0.4089296758174896,
        0.45811593532562256,
        0.36274439096450806,
        0.38882654905319214,
        0.4031609892845154,
        0.3643237054347992,
        0.4243333041667938,
        0.4778541624546051,
        0.558856725692749,
        0.41813650727272034
    ],
    "spectral_contrast": [
        19.824987353441937,
        15.320363799922305,
        18.819414591865847,
        19.672797354774165,
        17.649459404742068,
        18.019661951536758,
        21.152357702070017
    ],
    "tonnetz": [
        -0.1050597350561254,
        0.044735996679432836,
        -0.021475879489599344,
        -0.009500958430554948,
        0.016373001497571305,
        0.014018844886502724
    ],
    "chord_progression": [
        "D#m",
        "D",
        "F",
        "Gm",
        "D#m",
        "D#",
        "D#m",
        "Gm",
        "D#m",
        "Gm",
        "F",
        "D#",
        "D#m",
        "F#m",
        "E",
        "C#",
        "D#m",
        "Am",
        "F#m",
        "G#m",
        "C#",
        "Am",
        "G#m",
        "F#m",
        "Gm",
        "Am",
        "C#",
        "G#",
        "F#m",
        "Bm",
        "C#m",
        "G#m",
        "D#m",
        "Cm",
        "A#m",
        "Fm",
        "F#m",
        "D#m",
        "G#m",
        "A#m",
        "D#m",
        "Cm",
        "C#m",
        "D",
        "Gm",
        "C#",
        "Em",
        "Am",
        "C#m",
        "Gm",
        "D#",
        "Cm",
        "E",
        "A",
        "A#m",
        "Gm",
        "F",
        "D#",
        "Gm",
        "F",
        "D#m",
        "G",
        "Am",
        "D#m",
        "Gm",
        "D#m",
        "F",
        "D#m",
        "Dm",
        "G",
        "Am",
        "Dm",
        "D#m",
        "D#",
        "G#m",
        "E",
        "Dm",
        "D#",
        "Am",
        "F#m",
        "D#",
        "G#m",
        "D#",
        "G#m",
        "Em",
        "Gm",
        "C#m",
        "Gm",
        "Cm",
        "D",
        "C#m",
        "Cm",
        "C#m",
        "C#",
        "Gm",
        "Em",
        "Cm",
        "E",
        "Cm",
        "D",
        "Cm",
        "A",
        "Em",
        "E",
        "Cm",
        "G",
        "Am",
        "G#m",
        "E",
        "D#m",
        "Gm",
        "Am",
        "Dm",
        "G",
        "Am",
        "D#m",
        "D#",
        "G#m",
        "A#m",
        "G#m",
        "D#",
        "G#m",
        "F#m",
        "Dm",
        "D#",
        "G#m",
        "D#",
        "G#m",
        "C#",
        "Am",
        "C#m",
        "C#",
        "C#m",
        "C#",
        "Gm",
        "Em",
        "C#m",
        "Cm",
        "D",
        "C#",
        "A#",
        "D",
        "Em",
        "C#",
        "C#m",
        "Gm",
        "C#m",
        "Cm",
        "D#",
        "D",
        "A",
        "E",
        "Cm",
        "G",
        "Am",
        "D#m",
        "D#",
        "D#m",
        "Gm",
        "F",
        "G",
        "Am",
        "Dm",
        "D#m",
        "D#",
        "G#m",
        "D#",
        "F",
        "D#",
        "G#m",
        "D#",
        "G#m",
        "D#m",
        "Dm",
        "C#m",
        "C#",
        "C#m",
        "Gm",
        "D#m",
        "A#m",
        "D#m",
        "D",
        "Gm",
        "Cm",
        "C#m",
        "Gm",
        "D#",
        "C#m",
        "Cm",
        "C",
        "Cm",
        "D#",
        "D",
        "G",
        "E",
        "Cm",
        "E",
        "G",
        "Am",
        "D#m",
        "Am",
        "D",
        "F",
        "F#m",
        "D#m",
        "Am",
        "G",
        "Am",
        "G",
        "D#m",
        "Dm",
        "D#",
        "G#m",
        "D#m",
        "G#m",
        "D#m",
        "Am",
        "D#",
        "G#m",
        "D#",
        "G#m",
        "Cm",
        "G#m",
        "Dm",
        "Em",
        "C#m",
        "C#",
        "C#m",
        "Gm",
        "Cm",
        "Em",
        "D",
        "A#",
        "A#m",
        "A#",
        "C#m",
        "C#",
        "Gm",
        "C#m",
        "Cm",
        "Am",
        "Cm",
        "D",
        "Cm",
        "Bm",
        "D",
        "E",
        "Cm",
        "G",
        "Gm",
        "D",
        "Gm",
        "D#m",
        "D#",
        "D#m",
        "Gm",
        "F",
        "G#m",
        "D#",
        "A",
        "D#m",
        "F#m",
        "Dm",
        "C#",
        "A#m",
        "D#",
        "Am",
        "D#",
        "F#m",
        "D#",
        "Am",
        "A",
        "F#m",
        "A#m",
        "Am",
        "C#",
        "Am",
        "D#",
        "F#m",
        "C#m",
        "D#",
        "G#m",
        "A#m",
        "D#m",
        "Cm",
        "F#m",
        "E",
        "Fm",
        "F#m",
        "A#m",
        "D#m",
        "Cm",
        "D",
        "A#m",
        "C#m",
        "C#",
        "Am",
        "D#",
        "C#m",
        "Gm",
        "D#",
        "Cm",
        "D#",
        "D",
        "D#",
        "Bm",
        "G",
        "D#",
        "F",
        "Cm",
        "D#",
        "D#m",
        "G",
        "Am",
        "D#m",
        "D#",
        "D#m",
        "F",
        "D#",
        "F",
        "G",
        "Am",
        "Dm",
        "D#m",
        "D#",
        "G#m",
        "D#",
        "G#m",
        "F#m",
        "Am",
        "G",
        "D#",
        "G#m",
        "D#",
        "G#m",
        "Fm",
        "Am",
        "C#",
        "C#m",
        "C#",
        "Gm",
        "F#m",
        "C#m",
        "Cm",
        "Gm",
        "C#",
        "Gm",
        "C#m",
        "E",
        "Cm",
        "C",
        "Cm",
        "A",
        "Cm",
        "F",
        "Gm",
        "Cm",
        "G",
        "E",
        "Cm",
        "C",
        "G",
        "C#",
        "Am",
        "D#m",
        "Cm",
        "D#m",
        "Gm",
        "F",
        "Am",
        "G",
        "Am",
        "Dm",
        "D#m",
        "D#",
        "G#m",
        "Cm",
        "C#m",
        "E",
        "C#",
        "Am",
        "E",
        "G#m",
        "D#",
        "G#m",
        "C#",
        "Am",
        "C#m",
        "C#",
        "C#m",
        "Gm",
        "Cm",
        "D#m",
        "A#",
        "Gm",
        "C#",
        "C#m",
        "Gm",
        "D#",
        "C#m",
        "Cm",
        "D",
        "C#m",
        "C#",
        "G",
        "E",
        "Cm",
        "G",
        "Dm",
        "Am",
        "D#m",
        "F#m",
        "D#m",
        "F",
        "Am",
        "G",
        "Am",
        "Bm",
        "D#",
        "G#m",
        "E",
        "C#",
        "Dm",
        "D#m",
        "Am",
        "D#",
        "G#m",
        "D#",
        "G#m",
        "Dm",
        "Am",
        "C#m",
        "C#",
        "C#m",
        "Em",
        "Gm",
        "C#m",
        "D",
        "D#m",
        "A#",
        "C#m",
        "Gm",
        "C#m",
        "C#",
        "C#m",
        "Gm",
        "Cm",
        "A",
        "Cm",
        "Dm",
        "F",
        "Cm",
        "A",
        "E",
        "Cm",
        "G",
        "C#",
        "Am",
