{
    "duration": 229.99221875,
    "tempo": 107.14285714285714,
    "time_signature": "2/4",
    "key": "B major",
    "spectral_centroid": 2506.4458921931214,
    "spectral_bandwidth": 2683.115712236371,
    "spectral_rolloff": 5134.98695652174,
    "rms": 0.12621429562568665,
    "zero_crossing_rate": 0.07278617527173913,
    "mfcc": [
        -188.3298797607422,
        115.69711303710938,
        10.274749755859375,
        16.71158790588379,
        -19.25185203552246,
        12.160750389099121,
        -13.397554397583008,
        11.411640167236328,
        -2.729177236557007,
        0.7042484283447266,
        4.435481071472168,
        7.343179702758789,
        2.7855358123779297
    ],
    "chroma": [
        0.38462257385253906,
        0.3985738456249237,
        0.3496187627315521,
        0.507876455783844,
        0.49877363443374634,
        0.3895672559738159,
        0.4806825518608093,
        0.44595128297805786,
        0.6214312314987183,
        0.43381166458129883,
        0.36744606494903564,
        0.44618022441864014
    ],
    "spectral_contrast": [
        18.83040296993613,
        13.095612911736847,
        16.813228629670537,
        20.650362092911177,
        18.982585500613965,
        18.280595021936993,
        25.686873629632146
    ],
    "tonnetz": [
        -0.08897084622450112,
        -0.08913164897410134,
        0.013962413360939702,
        0.04884042820321476,
        -0.004574115380477286,
        0.015707954145591382
    ],
    "chord_progression": [
        "D",
        "C#m",
        "Bm",
        "C#m",
        "F#m",
        "C#m",
        "F#m",
        "C#m",
        "E",
        "G#m",
        "E",
        "G#m",
        "E",
        "G#m",
        "E",
        "C#m",
        "G#m",
        "C#m",
        "G#m",
        "Fm",
        "G#m",
        "C#m",
        "F#m",
        "Bm",
        "F#m",
        "C#m",
        "E",
        "G#m",
        "E",
        "Gm",
        "D#m",
        "F#m",
        "Gm",
        "C#",
        "Gm",
        "C#",
        "C#m",
        "G#m",
        "Fm",
        "G#m",
        "E",
        "G#m",
        "Bm",
        "C#m",
        "A#",
        "C#m",
        "Gm",
        "C#m",
        "Gm",
        "C#m",
        "E",
        "G#m",
        "D#m",
        "G#m",
        "E",
        "C#m",
        "C#",
        "C#m",
        "G#m",
        "C#m",
        "Bm",
        "F#m",
        "D",
        "A#",
        "C#m",
        "Gm",
        "E",
        "G#m",
        "E",
        "C#m",
        "Fm",
        "G#m",
        "D#",
        "Fm",
        "G#m",
        "E",
        "C#m",
        "C#",
        "C#m",
        "C#",
        "C#m",
        "C#",
        "C#m",
        "G#m",
        "A#m",
        "G#m",
        "D#",
        "D#m",
        "D",
        "A#",
        "D#m",
        "D",
        "A#",
        "Fm",
        "D#m",
        "C#",
        "G#m",
        "D#m",
        "D#",
        "D#m",
        "D",
        "D#m",
        "A#",
        "D#m",
        "C#",
        "Cm",
        "G",
        "E",
        "C#",
        "C#m",
        "C#",
        "G#m",
        "A#m",
        "G#m",
        "D#m",
        "D",
        "C#",
        "Gm",
        "D#m",
        "D",
        "C#",
        "Fm",
        "D",
        "A#",
        "D#m",
        "C#",
        "C#m",
        "C#",
        "C#m",
        "G#m",
        "D#m",
        "D#",
        "D#m",
        "C#",
        "D",
        "D#m",
        "D",
        "C#",
        "Dm",
        "D",
        "A#m",
        "Cm",
        "G",
        "E",
        "C",
        "Cm",
        "E",
        "A",
        "C#m",
        "G#",
        "Em",
        "C#",
        "C#m",
        "G#m",
        "Cm",
        "G#m",
        "E",
        "D#m",
        "E",
        "G",
        "D#m",
        "D",
        "D#m",
        "C#",
        "Gm",
        "D",
        "C#",
        "D",
        "A#",
        "D#m",
        "C#",
        "C#m",
        "C#",
        "C#m",
        "G#m",
        "D#m",
        "D#",
        "D#m",
        "D",
        "D#m",
        "D",
        "D#m",
        "D",
        "C#",
        "Dm",
        "D#",
        "Fm",
        "A#m",
        "Cm",
        "G",
        "E",
        "C#",
        "C#m",
        "C#",
        "C#m",
        "C#",
        "C#m",
        "G#m",
        "A#m",
        "D#m",
        "G#m",
        "D#m",
        "D",
        "C#",
        "Gm",
        "D",
        "C#",
        "D",
        "A#",
        "Fm",
        "D",
        "C#",
        "C#m",
        "C#",
        "C#m",
        "C#",
        "G#m",
        "D#m",
        "D#",
        "D#m",
        "D",
        "D#m",
        "D",
        "D#m",
        "A#",
        "D#m",
        "C#",
        "Cm",
        "A#m",
        "Cm",
        "G",
        "E",
        "C#",
        "C#m",
        "C#",
        "C#m",
        "C#",
        "C#m",
        "G#m",
        "A#m",
        "G#m",
        "D#m",
        "Gm",
        "D#m",
        "C#",
        "D",
        "A#",
        "D",
        "A#",
        "C#",
        "C#m",
        "C#",
        "C#m",
        "C#",
        "G#m",
        "D#m",
        "D#",
        "D#m",
        "A#",
        "D",
        "D#m",
        "C#",
        "Fm",
        "A#m",
        "Cm",
        "G",
        "E",
        "C",
        "E",
        "F#m",
        "C#m",
        "F#m",
        "C#m",
        "C#",
        "F#m",
        "D#m",
        "G#m",
        "C#m",
        "E",
        "Gm",
        "C#m",
        "G#m",
        "F#m",
        "Fm",
        "F#m",
        "Fm",
        "F#m",
        "Fm",
        "G#m",
        "F#m",
        "D",
        "C#m",
        "G#m",
        "C#m",
        "D",
        "Gm",
        "C#m",
        "D#m",
        "C#m",
        "G#m",
        "F#m",
        "G#m",
        "D",
        "E",
        "D#m",
        "C#m",
        "C#",
        "C#m",
        "F#m",
        "Fm",
        "C#m",
        "F#m",
        "G#m",
        "Fm",
        "F#m",
        "G#m",
        "F#m",
        "E",
        "A",
        "Fm",
        "D",
        "Gm",
        "A#",
        "C",
        "A#",
        "C#m",
        "Gm",
        "D#m",
        "E",
        "C#m",
        "E",
        "C#",
        "C#m",
        "G#m",
        "D",
        "Gm",
        "D",
        "C",
        "D",
        "D#m",
        "A#",
        "D#m",
        "Gm",
        "A#",
        "D#m",
        "A#",
        "E",
        "C#",
        "Am",
        "Dm",
        "C#",
        "C#m",
        "C#",
        "C#m",
        "G#m",
        "D#m",
        "D#",
        "D#m",
        "A#",
        "D",
        "D#m",
        "C#",
        "A#m",
        "Cm",
        "C",
        "Cm",
        "C#",
        "C#m",
        "C#",
        "C#m",
        "G#m",
        "A#m",
        "G#m",
        "D#m",
        "D",
        "C#",
        "A#",
        "D#m",
        "D",
        "C#",
        "D",
        "A#",
        "Fm",
        "D#m",
        "C#",
        "C#m",
        "C#",
        "C#m",
        "C#",
        "G#m",
        "D#m",
        "D#",
        "D#m",
        "D",
        "D#m",
        "A#",
        "D#m",
        "C#",
        "Cm",
        "A#m",
        "Cm",
        "G",
        "E",
        "C#",
        "C#m",
        "C#",
        "C#m",
        "C#",
        "G#m",
        "D#",
        "A#m",
        "G#m",
        "D#m",
        "D",
        "C#",
        "D",
        "Gm",
        "D",
        "C#",
        "D",
        "A#",
        "D",
        "C#",
        "C#m",
        "C#",
        "C#m",
        "C#",
        "G#m",
        "D#m",
        "D#",
        "D#m",
        "A#",
        "D",
        "D#m",
        "C#",
        "D#m",
        "A#m",
        "Cm",
        "G",
        "E",
        "C",
        "E",
        "A",
        "F#m",
        "Bm",
        "F#m",
        "C#m",
        "F#m",
        "C#m",
        "C#",
        "F#m",
        "E",
        "D#m",
        "G#m",
