{
    "duration": 70.40146875,
    "tempo": 113.63636363636364,
    "time_signature": "4/4",
    "key": "A minor",
    "spectral_centroid": 2270.481249906643,
    "spectral_bandwidth": 3166.1569259681487,
    "spectral_rolloff": 5271.901982503977,
    "rms": 0.23225466907024384,
    "zero_crossing_rate": 0.031619012369347874,
    "mfcc": [
        -151.17666625976562,
        104.9137191772461,
        2.228377103805542,
        34.05630111694336,
        17.554183959960938,
        23.79448890686035,
        -0.1770993024110794,
        9.676480293273926,
        4.135009288787842,
        5.711248874664307,
        6.054977893829346,
        9.666565895080566,
        7.331745147705078
    ],
    "chroma": [
        0.5876296758651733,
        0.6081567406654358,
        0.6020171046257019,
        0.6672089099884033,
        0.7079790830612183,
        0.6823558807373047,
        0.7116134166717529,
        0.6386662721633911,
        0.6410613656044006,
        0.6115270853042603,
        0.6438897252082825,
        0.6843963861465454
    ],
    "spectral_contrast": [
        14.945833916085736,
        12.488452346386465,
        15.196416714449356,
        16.6062115675061,
        17.626062907021378,
        18.180510250764506,
        22.277392381110808
    ],
    "tonnetz": [
        0.004600030662751398,
        -0.02297526875616387,
        0.04189831566956873,
        -0.022339039972067657,
        -0.0019497921522391732,
        -0.0016543562840386774
    ],
    "chord_progression": [
        "Cm",
        "Gm",
        "A#",
        "Gm",
        "A#",
        "Gm",
        "C#",
        "Gm",
        "A#",
        "Gm",
        "C#m",
        "Dm",
        "A#m",
        "D#m",
        "G#m",
        "A#",
        "C#m",
        "G#",
        "D#",
        "A#m",
        "G#m",
        "Dm",
        "G#m",
        "A#",
        "Am",
        "Fm",
        "Cm",
        "C#m",
        "Gm",
        "Am",
        "Fm",
        "D#m",
        "C#m",
        "Am",
        "Dm",
        "C#m",
        "A#m",
        "C#m",
        "G#",
        "A#",
        "C#m",
        "A#m",
        "C#m",
        "G#",
        "A#",
        "G#",
        "G#m",
        "D#m",
        "C#m",
        "Am",
        "C#m",
        "A#m",
        "D#m",
        "C#m",
        "Am",
        "Em",
        "G#",
        "Dm",
        "C#m",
        "A#m",
        "A#",
        "F",
        "D#m",
        "A#m",
        "C#m",
        "Am",
        "C#m",
        "D#m",
        "A#m",
        "A#",
        "C#m",
        "Am",
        "C#m",
        "A#m",
        "C#m",
        "A#m",
        "Cm",
        "Fm",
        "Cm",
        "A#m",
        "G#m",
        "A#m",
        "D",
        "D#m",
        "C#m",
        "Am",
        "A#",
        "Fm",
        "Cm",
        "A#m",
        "C#m",
        "Am",
        "C#m",
        "G#",
        "D#",
        "A#m",
        "G#m",
        "A#m",
        "C#m",
        "A#",
        "Fm",
        "Cm",
        "C#m",
        "A#m",
        "Cm",
        "Fm",
        "Gm",
        "C#m",
        "G#",
        "Fm",
        "A#m",
        "G#m",
        "A#m",
        "C#m",
        "A#",
        "D#m",
        "A#m",
        "D",
        "C#m",
        "Cm",
        "Dm",
        "A#",
        "D#",
        "A#m",
        "C#m",
        "G#m",
        "A#",
        "G#",
        "A#",
        "F",
        "Cm",
        "C#m",
        "D#m",
        "A#m",
        "Dm",
        "Cm",
        "C#m",
        "A#",
        "G#m",
        "A#m",
        "Cm",
        "Am",
        "D#",
        "C#m",
        "A#m",
        "Dm",
        "Cm",
        "Am",
        "A#",
        "D#m",
        "C#m",
        "D#m",
        "A#m",
        "F",
        "A#",
        "C#m",
        "F",
        "D#m",
        "C#m",
        "G#m",
        "A#m",
        "Cm",
        "Gm",
        "Am",
        "C#m",
        "A#m",
        "C#m",
        "Am",
        "A#",
        "Cm",
        "A#m",
        "D#m",
        "A#m",
        "Cm",
        "A#",
        "G#",
        "Dm",
        "G#m",
        "C#m",
        "A#m",
        "C#m",
        "A#",
        "C#m",
        "G#",
        "Cm",
        "A#m",
        "D#m",
        "Dm",
        "A",
        "C#m",
        "A#",
        "F",
        "G#m",
        "A#m",
        "Cm",
        "C#m",
        "Am",
        "C#m",
        "G#",
        "F",
        "Cm",
        "D",
        "D#m",
        "A#m",
        "C#m",
        "Am",
        "F",
        "G#m",
        "A#m",
        "C#m",
        "A#m",
        "A#",
        "G#",
        "Dm",
        "D#",
        "G#m",
        "Dm",
        "D#m",
        "A#m"
    ],
    "chromagram_path": "/Users/blblackboyzeusackboyzeus/BBZ(AiArtist)/music_generator/Zuckbergian [lj1YVJBrEDQ]/visuals/chromagram.png",
    "waveform_path": "error",
    "spectrogram_path": "visuals/spectrogram.png"
}