{
    "filename": "New Years Without Eve [CfwOillWux4].wav",
    "bitrate": 1411200,
    "duration": 186.90614512471655,
    "sample_rate": 44100,
    "tempo": 0.0,
    "key": "D#",
    "spectral_centroid": 1921.2568222205414,
    "spectral_bandwidth": 2781.863678732796,
    "spectral_rolloff": 3791.0796453778185,
    "rms": 0.192002534866333,
    "zero_crossing_rate": 0.032534684073933166
}