{
    "filename": "Noahs Arc [0JCR94rF5qI].wav",
    "bitrate": 1411200,
    "duration": 229.9922222222222,
    "sample_rate": 44100,
    "tempo": 0.0,
    "key": "G#",
    "spectral_centroid": 2566.145127856159,
    "spectral_bandwidth": 2757.2084083552663,
    "spectral_rolloff": 5266.416032878755,
    "rms": 0.11152906715869904,
    "zero_crossing_rate": 0.05806928516216557
}