{
    "duration": 123.677625,
    "tempo": 101.35135135135135,
    "time_signature": "2/4",
    "key": "D# major",
    "spectral_centroid": 1808.4261519506267,
    "spectral_bandwidth": 2085.939593486455,
    "spectral_rolloff": 3738.4540750323417,
    "rms": 0.12049933522939682,
    "zero_crossing_rate": 0.061423823071636484,
    "mfcc": [
        -173.9191436767578,
        154.01470947265625,
        -33.79826354980469,
        44.47606658935547,
        -8.640580177307129,
        9.846452713012695,
        -3.614847183227539,
        -3.669058322906494,
        -9.569082260131836,
        1.7235171794891357,
        -5.649716854095459,
        -11.309769630432129,
        2.1209330558776855
    ],
    "chroma": [
        0.22232501208782196,
        0.38416072726249695,
        0.38219162821769714,
        0.30660873651504517,
        0.552911639213562,
        0.2647855579853058,
        0.1349104940891266,
        0.1848408579826355,
        0.5284712910652161,
        0.6079484820365906,
        0.27684658765792847,
        0.1735553741455078
    ],
    "spectral_contrast": [
        13.3167893139607,
        14.211872466017526,
        19.79896080646812,
        20.62049724069433,
        19.200837838189454,
        21.250829868810836,
        25.35350431703507
    ],
    "tonnetz": [
        0.08000356358308602,
        -0.05302012949320807,
        -0.11045198752761688,
        0.06145115476252237,
        0.007840400177833209,
        -0.002601376141889566
    ],
    "chord_progression": [
        "Dm",
        "Em",
        "C#m",
        "Bm",
        "C#m",
        "Bm",
        "C#m",
        "Bm",
        "C#m",
        "Em",
        "C#m",
        "Em",
        "C#m",
        "Em",
        "Dm",
        "C#m",
        "Dm",
        "Em",
        "D",
        "Em",
        "A",
        "Em",
        "C#m",
        "A",
        "Bm",
        "Em",
        "C#m",
        "A",
        "C#m",
        "D",
        "C#m",
        "Dm",
        "A",
        "Dm",
        "D",
        "Dm",
        "C#m",
        "Bm",
        "Em",
        "C#m",
        "A",
        "Bm",
        "C#m",
        "Dm",
        "D",
        "Dm",
        "D",
        "Dm",
        "Em",
        "A",
        "Dm",
        "A",
        "Dm",
        "D",
        "A",
        "D",
        "D#",
        "C#m",
        "E",
        "C#m",
        "C#",
        "E",
        "A",
        "Em",
        "C#m",
        "A",
        "C#m",
        "Bm",
        "Em",
        "C#m",
        "A",
        "Em",
        "Bm",
        "Em",
        "A",
        "C#m",
        "A",
        "Em",
        "C#m",
        "A",
        "Em",
        "A",
        "D",
        "Em",
        "Dm",
        "Bm",
        "Dm",
        "Em",
        "A",
        "Dm",
        "Em",
        "Dm",
        "D",
        "Dm",
        "D",
        "Dm",
        "C#m",
        "Em",
        "Bm",
        "C#m",
        "Em",
        "C#m",
        "Em",
        "C#m",
        "Em",
        "Bm",
        "A",
        "Em",
        "C#m",
        "Em",
        "A",
        "Em",
        "C#m",
        "Em",
        "Bm",
        "A",
        "Dm",
        "Em",
        "Dm",
        "D",
        "Em",
        "Dm",
        "Em",
        "Dm",
        "D",
        "Dm",
        "D",
        "Em",
        "G",
        "A#",
        "A",
        "Em",
        "C#m",
        "Bm",
        "C#m",
        "A",
        "C#m",
        "Em",
        "C#m",
        "Dm",
        "Em",
        "C#m",
        "A",
        "Em",
        "Dm",
        "D",
        "A#",
        "Dm",
        "D",
        "A",
        "Dm",
        "D",
        "Dm",
        "D",
        "Dm",
        "A",
        "Em",
        "Dm",
        "Bm",
        "C#m",
        "Bm",
        "C#m",
        "Bm",
        "C#m",
        "Bm",
        "Em",
        "C#m",
        "Bm",
        "F#m",
        "C#m",
        "Bm",
        "Dm",
        "Em",
        "A",
        "Dm",
        "Bm",
        "Dm",
        "Bm",
        "Dm",
        "Bm",
        "Dm",
        "D",
        "Bm",
        "Dm",
        "D",
        "Bm",
        "C#",
        "G#m",
        "C#m",
        "F#m",
        "C#m",
        "F#m",
        "C#m",
        "F#m",
        "C#m",
        "Bm",
        "C#m",
        "Bm",
        "Dm",
        "Bm",
        "Dm",
        "Bm",
        "C#m",
        "E",
        "C#m",
        "F#m",
        "Bm",
        "C#m",
        "Bm",
        "C#m",
        "Bm",
        "C#m",
        "Em",
        "Bm",
        "Em",
        "Bm",
        "C#m",
        "F#m",
        "C#m",
        "Bm",
        "C#m",
        "F#m",
        "Bm",
        "C#m",
        "Dm",
        "Bm",
        "D",
        "Bm",
        "Dm",
        "D",
        "Bm",
        "Dm",
        "D",
        "Dm",
        "F#m",
        "C#m",
        "Bm",
        "C#m",
        "Bm",
        "C#m",
        "Bm",
        "C#m",
        "Bm",
        "C#m",
        "Bm",
        "C#m",
        "Bm",
        "C#m",
        "Bm",
        "F#m",
        "Bm",
        "C#m",
        "Bm",
        "Dm",
        "Bm",
        "F#m",
        "Bm",
        "F#m",
        "C#m",
        "F#m",
        "C#m",
        "A#",
        "C#m",
        "A#",
        "G#",
        "C#m",
        "Em",
        "C#m",
        "Dm",
        "Bm",
        "Em",
        "D",
        "Dm",
        "Bm",
        "Dm",
        "Bm",
        "D",
        "A",
        "C#m",
        "Dm",
        "C#m",
        "Em",
        "C#m",
        "Bm",
        "C#m",
        "Bm",
        "C#m",
        "Bm",
        "C#m",
        "Dm",
        "C#m",
        "Bm",
        "C#m",
        "D",
        "A",
        "Dm",
        "C#m",
        "Dm",
        "D",
        "Dm",
        "Bm",
        "Dm",
        "Bm",
        "Dm",
        "Bm",
        "F#m",
        "Bm"
    ],
    "chromagram_path": "/Users/blblackboyzeusackboyzeus/BBZ(AiArtist)/music_generator/Caught Up [xqUaqeQ2vTo]/visuals/chromagram.png",
    "waveform_path": "error",
    "spectrogram_path": "visuals/spectrogram.png"
}