{
    "duration": 260.56125,
    "tempo": 163.04347826086956,
    "time_signature": "4/4",
    "key": "A minor",
    "spectral_centroid": 1399.4692506961796,
    "spectral_bandwidth": 1969.2068547836027,
    "spectral_rolloff": 2578.9913499324575,
    "rms": 0.1263612061738968,
    "zero_crossing_rate": 0.03645271676977158,
    "mfcc": [
        -228.43531799316406,
        151.69293212890625,
        13.753137588500977,
        25.619192123413086,
        -2.3926968574523926,
        3.9910428524017334,
        -5.065235614776611,
        4.289779186248779,
        -6.077662467956543,
        -5.199574947357178,
        -2.3633651733398438,
        -2.9304511547088623,
        -6.366962909698486
    ],
    "chroma": [
        0.2402154952287674,
        0.3702504634857178,
        0.37382927536964417,
        0.5862149000167847,
        0.4060541093349457,
        0.25989845395088196,
        0.233322873711586,
        0.21573838591575623,
        0.3012974262237549,
        0.3375604450702667,
        0.29503631591796875,
        0.2734222114086151
    ],
    "spectral_contrast": [
        21.057152075153525,
        13.848768198453525,
        18.466275241084674,
        21.640824352400305,
        19.790665660538853,
        19.682948294850323,
        26.469093276700324
    ],
    "tonnetz": [
        -0.09142781748718819,
        -0.051347617957074876,
        0.05351728201228423,
        0.024891328264792286,
        0.010318340284540387,
        0.03050569728168023
    ],
    "chord_progression": [
        "G",
        "F#m",
        "G#m",
        "D#m",
        "G#m",
        "Fm",
        "G#m",
        "Bm",
        "D",
        "Gm",
        "A",
        "Bm",
        "Fm",
        "G#m",
        "D",
        "G#m",
        "Fm",
        "Gm",
        "C#",
        "C#m",
        "G#m",
        "D#m",
        "Gm",
        "Am",
        "A",
        "F#m",
        "A#m",
        "G#m",
        "C#m",
        "G#m",
        "C#m",
        "Am",
        "D#m",
        "Am",
        "D#",
        "Am",
        "D#m",
        "A#m",
        "Bm",
        "Am",
        "D#m",
        "Cm",
        "C",
        "G#m",
        "D#m",
        "G#m",
        "C#m",
        "G#m",
        "Fm",
        "D#",
        "Bm",
        "A",
        "D",
        "C#m",
        "A",
        "Bm",
        "Fm",
        "Bm",
        "F#m",
        "A",
        "Fm",
        "Gm",
        "C#m",
        "C#",
        "Gm",
        "C#",
        "C#m",
        "G#m",
        "D",
        "C#m",
        "G#m",
        "Dm",
        "Am",
        "Dm",
        "F",
        "D#",
        "F",
        "D#",
        "F",
        "Am",
        "D#m",
        "A#m",
        "Fm",
        "D#",
        "F",
        "Cm",
        "D#",
        "G#m",
        "D",
        "A#m",
        "G#m",
        "C#m",
        "G#m",
        "C#m",
        "G#m",
        "Bm",
        "C#m",
        "D#m",
        "C#m",
        "A",
        "Bm",
        "Fm",
        "G#m",
        "Fm",
        "Gm",
        "E",
        "C#m",
        "A#",
        "Em",
        "C#",
        "C#m",
        "A#m",
        "C#m",
        "G#m",
        "C#m",
        "G#m",
        "C#m",
        "Am",
        "D#",
        "D#m",
        "Am",
        "D#m",
        "D#",
        "D#m",
        "D#",
        "D#m",
        "A#m",
        "Dm",
        "D#",
        "A#m",
        "G#m",
        "E",
        "Fm",
        "C#",
        "G#m",
        "F#m",
        "C#m",
        "A#",
        "Fm",
        "E",
        "G#m",
        "A#",
        "Cm",
        "D",
        "Bm",
        "D",
        "C#m",
        "Bm",
        "Fm",
        "Cm",
        "Em",
        "A",
        "E",
        "Fm",
        "Gm",
        "A#",
        "E",
        "Fm",
        "D#m",
        "Gm",
        "C#",
        "G",
        "C#m",
        "F#m",
        "G#m",
        "A",
        "Cm",
        "C#m",
        "Am",
        "D#m",
        "D#",
        "D#m",
        "D#",
        "F#m",
        "D#m",
        "A#m",
        "F#m",
        "D#",
        "Cm",
        "D#",
        "E",
        "Fm",
        "C#",
        "G#m",
        "C#",
        "Cm",
        "E",
        "G#m",
        "Cm",
        "C#",
        "Fm",
        "Cm",
        "Bm",
        "C#m",
        "Bm",
        "Fm",
        "Cm",
        "Em",
        "Fm",
        "D",
        "Gm",
        "A#",
        "Fm",
        "D#m",
        "Gm",
        "C#",
        "A#",
        "Fm",
        "C#m",
        "Bm",
        "F#m",
        "C#m",
        "G#m",
        "Fm",
        "Am",
        "F",
        "D#",
        "D#m",
        "D#",
        "F#m",
        "D#",
        "D#m",
        "A#m",
        "D#",
        "A#m",
        "D#",
        "G#m",
        "Cm",
        "G#m",
        "D#m",
        "G#m",
        "Bm",
        "A",
        "D#m",
        "D",
        "C#m",
        "A",
        "Bm",
        "Fm",
        "Bm",
        "F#m",
        "A",
        "Fm",
        "Gm",
        "C#m",
        "C#",
        "Gm",
        "Em",
        "C#m",
        "G#m",
        "Cm",
        "G#m",
        "C#m",
        "D#",
        "Am",
        "D#m",
        "D#",
        "Am",
        "D#",
        "D#m",
        "A#m",
        "F",
        "A#m",
        "Am",
        "D#m",
        "A#m",
        "D#",
        "G#m",
        "D#m",
        "G#m",
        "Fm",
        "G#m",
        "Bm",
        "A",
        "A#m",
        "Bm",
        "Gm",
        "C#m",
        "A",
        "Bm",
        "Fm",
        "Bm",
        "G#m",
        "Fm",
        "Gm",
        "C#m",
        "C#",
        "D",
        "Gm",
        "Dm",
        "Am",
        "C#m",
        "D",
        "E",
        "C#m",
        "Cm",
        "C#m",
        "Am",
        "D#m",
        "F",
        "Am",
        "D#",
        "D#m",
        "A#m",
        "C#m",
        "D#",
        "D#m",
        "A#m",
        "D#",
        "G#m",
        "E",
        "Fm",
        "D",
        "G#m",
        "C#m",
        "C#",
        "Cm",
        "G#m",
        "Cm",
        "Em",
        "Bm",
        "D#m",
        "Cm",
        "Bm",
        "Fm",
        "Em",
        "G",
        "Fm",
        "Gm",
        "E",
        "Gm",
        "G",
        "Fm",
        "A",
        "Bm",
        "E",
        "F#m",
        "A#m",
        "C#m",
        "Cm",
        "E",
        "Cm",
        "C#m",
        "Am",
        "D#",
        "D#m",
        "D#",
        "F#m",
        "D#",
        "D#m",
        "A#m",
        "D#",
        "A#m",
        "C",
        "D#",
        "E",
        "Fm",
        "D",
        "G#m",
        "C#m",
        "C#",
        "Cm",
        "E",
        "G#m",
        "D",
        "Cm",
        "G#m",
        "Bm",
        "C#m",
        "Gm",
        "C#m",
        "Bm",
        "A",
        "Fm",
        "Em",
        "Cm",
        "Fm",
        "Gm",
        "E",
        "D#m",
        "Gm",
        "Am",
        "A#",
        "A",
        "F#m",
        "C#m",
        "A#m",
        "C#m",
        "Fm",
        "C#m",
        "Am",
        "D#",
        "D#m",
        "D#",
        "F#m",
        "D#m",
        "A#m",
        "F#m",
        "D#",
        "A#m",
        "G#m",
        "F",
        "F#m",
        "G#m",
        "D#m",
        "G#m",
        "Fm",
        "G#m",
        "Bm",
        "D",
        "D#m",
        "C#m",
        "Bm",
        "Fm",
        "Bm",
        "Fm",
        "Em",
        "Gm",
        "C#m",
        "Gm",
        "Am",
        "C#m",
        "C",
        "A#m",
        "C#m",
        "G#m",
        "C#m",
        "Am",
        "D#m",
        "Am",
        "F",
        "D#",
        "D#m",
        "D#",
        "Am",
        "D#",
        "D#m",
        "A#m",
        "D#",
        "F",
        "A#m",
        "G#m",
        "F",
        "G#m",
        "D",
        "G#m",
        "D",
        "G#m",
        "C#m",
        "G#m",
        "D#m",
        "Cm",
        "Bm",
